,Unnamed: 0,regist_date,fuel_type,region,region_regist,whole_region_car_regist
0,0,2020.11,휘발유,서울,1633187.0,11377943.0
1,1,2020.11,경유,서울,1111941.0,11377943.0
2,2,2020.11,엘피지,서울,260065.0,11377943.0
3,3,2020.11,등유,서울,0.0,11377943.0
4,4,2020.11,전기,서울,23052.0,11377943.0
5,5,2020.11,알코올,서울,0.0,11377943.0
6,6,2020.11,태양열,서울,0.0,11377943.0
7,7,2020.11,CNG,서울,9240.0,11377943.0
8,8,2020.11,LNG,서울,0.0,11377943.0
9,9,2020.11,하이브리드(휘발유+전기),서울,109324.0,11377943.0
10,10,2020.11,하이브리드(경유+전기),서울,788.0,11377943.0
11,11,2020.11,하이브리드(LPG+전기),서울,1815.0,11377943.0
12,12,2020.11,하이브리드(CNG+전기),서울,51.0,11377943.0
13,13,2020.11,하이브리드(LNG+전기),서울,0.0,11377943.0
14,14,2020.11,수소,서울,1545.0,11377943.0
15,15,2020.11,기타연료,서울,6270.0,11377943.0
16,16,2020.11,총계,서울,3157278.0,11377943.0
17,17,2020.11,휘발유,부산,683673.0,11377943.0
18,18,2020.11,경유,부산,563259.0,11377943.0
19,19,2020.11,엘피지,부산,118010.0,11377943.0
20,20,2020.11,등유,부산,0.0,11377943.0
21,21,2020.11,전기,부산,5210.0,11377943.0
22,22,2020.11,알코올,부산,1.0,11377943.0
23,23,2020.11,태양열,부산,0.0,11377943.0
24,24,2020.11,CNG,부산,2886.0,11377943.0
25,25,2020.11,LNG,부산,2.0,11377943.0
26,26,2020.11,하이브리드(휘발유+전기),부산,35717.0,11377943.0
27,27,2020.11,하이브리드(경유+전기),부산,816.0,11377943.0
28,28,2020.11,하이브리드(LPG+전기),부산,801.0,11377943.0
29,29,2020.11,하이브리드(CNG+전기),부산,2.0,11377943.0
30,30,2020.11,하이브리드(LNG+전기),부산,0.0,11377943.0
31,31,2020.11,수소,부산,896.0,11377943.0
32,32,2020.11,기타연료,부산,15399.0,11377943.0
33,33,2020.11,총계,부산,1426672.0,11377943.0
34,34,2020.11,휘발유,대구,581123.0,11377943.0
35,35,2020.11,경유,대구,471460.0,11377943.0
36,36,2020.11,엘피지,대구,112363.0,11377943.0
37,37,2020.11,등유,대구,0.0,11377943.0
38,38,2020.11,전기,대구,12570.0,11377943.0
39,39,2020.11,알코올,대구,0.0,11377943.0
40,40,2020.11,태양열,대구,0.0,11377943.0
41,41,2020.11,CNG,대구,2532.0,11377943.0
42,42,2020.11,LNG,대구,0.0,11377943.0
43,43,2020.11,하이브리드(휘발유+전기),대구,32161.0,11377943.0
44,44,2020.11,하이브리드(경유+전기),대구,553.0,11377943.0
45,45,2020.11,하이브리드(LPG+전기),대구,924.0,11377943.0
46,46,2020.11,하이브리드(CNG+전기),대구,13.0,11377943.0
47,47,2020.11,하이브리드(LNG+전기),대구,0.0,11377943.0
48,48,2020.11,수소,대구,64.0,11377943.0
49,49,2020.11,기타연료,대구,3890.0,11377943.0
50,50,2020.11,총계,대구,1217653.0,11377943.0
51,51,2020.11,휘발유,인천,797246.0,11377943.0
52,52,2020.11,경유,인천,670032.0,11377943.0
53,53,2020.11,엘피지,인천,131572.0,11377943.0
54,54,2020.11,등유,인천,0.0,11377943.0
55,55,2020.11,전기,인천,4999.0,11377943.0
56,56,2020.11,알코올,인천,0.0,11377943.0
57,57,2020.11,태양열,인천,0.0,11377943.0
58,58,2020.11,CNG,인천,2709.0,11377943.0
59,59,2020.11,LNG,인천,3.0,11377943.0
60,60,2020.11,하이브리드(휘발유+전기),인천,53237.0,11377943.0
61,61,2020.11,하이브리드(경유+전기),인천,2002.0,11377943.0
62,62,2020.11,하이브리드(LPG+전기),인천,758.0,11377943.0
63,63,2020.11,하이브리드(CNG+전기),인천,39.0,11377943.0
64,64,2020.11,하이브리드(LNG+전기),인천,0.0,11377943.0
65,65,2020.11,수소,인천,471.0,11377943.0
66,66,2020.11,기타연료,인천,12542.0,11377943.0
67,67,2020.11,총계,인천,1675610.0,11377943.0
68,68,2020.11,휘발유,광주,303998.0,11377943.0
69,69,2020.11,경유,광주,273409.0,11377943.0
70,70,2020.11,엘피지,광주,88336.0,11377943.0
71,71,2020.11,등유,광주,0.0,11377943.0
72,72,2020.11,전기,광주,3162.0,11377943.0
73,73,2020.11,알코올,광주,0.0,11377943.0
74,74,2020.11,태양열,광주,0.0,11377943.0
75,75,2020.11,CNG,광주,1323.0,11377943.0
76,76,2020.11,LNG,광주,0.0,11377943.0
77,77,2020.11,하이브리드(휘발유+전기),광주,16160.0,11377943.0
78,78,2020.11,하이브리드(경유+전기),광주,106.0,11377943.0
79,79,2020.11,하이브리드(LPG+전기),광주,679.0,11377943.0
80,80,2020.11,하이브리드(CNG+전기),광주,26.0,11377943.0
81,81,2020.11,하이브리드(LNG+전기),광주,0.0,11377943.0
82,82,2020.11,수소,광주,678.0,11377943.0
83,83,2020.11,기타연료,광주,3535.0,11377943.0
84,84,2020.11,총계,광주,691412.0,11377943.0
85,85,2020.11,휘발유,대전,334005.0,11377943.0
86,86,2020.11,경유,대전,255840.0,11377943.0
87,87,2020.11,엘피지,대전,68788.0,11377943.0
88,88,2020.11,등유,대전,0.0,11377943.0
89,89,2020.11,전기,대전,4415.0,11377943.0
90,90,2020.11,알코올,대전,0.0,11377943.0
91,91,2020.11,태양열,대전,0.0,11377943.0
92,92,2020.11,CNG,대전,1656.0,11377943.0
93,93,2020.11,LNG,대전,0.0,11377943.0
94,94,2020.11,하이브리드(휘발유+전기),대전,16463.0,11377943.0
95,95,2020.11,하이브리드(경유+전기),대전,104.0,11377943.0
96,96,2020.11,하이브리드(LPG+전기),대전,528.0,11377943.0
97,97,2020.11,하이브리드(CNG+전기),대전,0.0,11377943.0
98,98,2020.11,하이브리드(LNG+전기),대전,0.0,11377943.0
99,99,2020.11,수소,대전,497.0,11377943.0
100,100,2020.11,기타연료,대전,3265.0,11377943.0
101,101,2020.11,총계,대전,685561.0,11377943.0
102,102,2020.11,휘발유,울산,287595.0,11377943.0
103,103,2020.11,경유,울산,226596.0,11377943.0
104,104,2020.11,엘피지,울산,37429.0,11377943.0
105,105,2020.11,등유,울산,0.0,11377943.0
106,106,2020.11,전기,울산,2249.0,11377943.0
107,107,2020.11,알코올,울산,0.0,11377943.0
108,108,2020.11,태양열,울산,0.0,11377943.0
109,109,2020.11,CNG,울산,822.0,11377943.0
110,110,2020.11,LNG,울산,0.0,11377943.0
111,111,2020.11,하이브리드(휘발유+전기),울산,12944.0,11377943.0
112,112,2020.11,하이브리드(경유+전기),울산,67.0,11377943.0
113,113,2020.11,하이브리드(LPG+전기),울산,510.0,11377943.0
114,114,2020.11,하이브리드(CNG+전기),울산,46.0,11377943.0
115,115,2020.11,하이브리드(LNG+전기),울산,0.0,11377943.0
116,116,2020.11,수소,울산,1762.0,11377943.0
117,117,2020.11,기타연료,울산,4858.0,11377943.0
118,118,2020.11,총계,울산,574878.0,11377943.0
119,119,2020.11,휘발유,세종,86490.0,11377943.0
120,120,2020.11,경유,세종,64841.0,11377943.0
121,121,2020.11,엘피지,세종,12440.0,11377943.0
122,122,2020.11,등유,세종,0.0,11377943.0
123,123,2020.11,전기,세종,1127.0,11377943.0
124,124,2020.11,알코올,세종,0.0,11377943.0
125,125,2020.11,태양열,세종,0.0,11377943.0
126,126,2020.11,CNG,세종,156.0,11377943.0
127,127,2020.11,LNG,세종,0.0,11377943.0
128,128,2020.11,하이브리드(휘발유+전기),세종,7203.0,11377943.0
129,129,2020.11,하이브리드(경유+전기),세종,35.0,11377943.0
130,130,2020.11,하이브리드(LPG+전기),세종,165.0,11377943.0
131,131,2020.11,하이브리드(CNG+전기),세종,27.0,11377943.0
132,132,2020.11,하이브리드(LNG+전기),세종,0.0,11377943.0
133,133,2020.11,수소,세종,41.0,11377943.0
134,134,2020.11,기타연료,세종,899.0,11377943.0
135,135,2020.11,총계,세종,173424.0,11377943.0
136,136,2020.11,휘발유,경기,2902867.0,11377943.0
137,137,2020.11,경유,경기,2434433.0,11377943.0
138,138,2020.11,엘피지,경기,410866.0,11377943.0
139,139,2020.11,등유,경기,0.0,11377943.0
140,140,2020.11,전기,경기,19903.0,11377943.0
141,141,2020.11,알코올,경기,0.0,11377943.0
142,142,2020.11,태양열,경기,0.0,11377943.0
143,143,2020.11,CNG,경기,9140.0,11377943.0
144,144,2020.11,LNG,경기,1.0,11377943.0
145,145,2020.11,하이브리드(휘발유+전기),경기,176018.0,11377943.0
146,146,2020.11,하이브리드(경유+전기),경기,954.0,11377943.0
147,147,2020.11,하이브리드(LPG+전기),경기,3871.0,11377943.0
148,148,2020.11,하이브리드(CNG+전기),경기,79.0,11377943.0
149,149,2020.11,하이브리드(LNG+전기),경기,0.0,11377943.0
150,150,2020.11,수소,경기,1517.0,11377943.0
151,151,2020.11,기타연료,경기,25178.0,11377943.0
152,152,2020.11,총계,경기,5984827.0,11377943.0
153,153,2020.11,휘발유,강원,346559.0,11377943.0
154,154,2020.11,경유,강원,374663.0,11377943.0
155,155,2020.11,엘피지,강원,60037.0,11377943.0
156,156,2020.11,등유,강원,0.0,11377943.0
157,157,2020.11,전기,강원,3810.0,11377943.0
158,158,2020.11,알코올,강원,0.0,11377943.0
159,159,2020.11,태양열,강원,0.0,11377943.0
160,160,2020.11,CNG,강원,688.0,11377943.0
161,161,2020.11,LNG,강원,0.0,11377943.0
162,162,2020.11,하이브리드(휘발유+전기),강원,16606.0,11377943.0
163,163,2020.11,하이브리드(경유+전기),강원,78.0,11377943.0
164,164,2020.11,하이브리드(LPG+전기),강원,691.0,11377943.0
165,165,2020.11,하이브리드(CNG+전기),강원,0.0,11377943.0
166,166,2020.11,하이브리드(LNG+전기),강원,0.0,11377943.0
167,167,2020.11,수소,강원,833.0,11377943.0
168,168,2020.11,기타연료,강원,3630.0,11377943.0
169,169,2020.11,총계,강원,807595.0,11377943.0
170,170,2020.11,휘발유,충북,382240.0,11377943.0
171,171,2020.11,경유,충북,383280.0,11377943.0
172,172,2020.11,엘피지,충북,69933.0,11377943.0
173,173,2020.11,등유,충북,0.0,11377943.0
174,174,2020.11,전기,충북,3794.0,11377943.0
175,175,2020.11,알코올,충북,0.0,11377943.0
176,176,2020.11,태양열,충북,0.0,11377943.0
177,177,2020.11,CNG,충북,729.0,11377943.0
178,178,2020.11,LNG,충북,0.0,11377943.0
179,179,2020.11,하이브리드(휘발유+전기),충북,17199.0,11377943.0
180,180,2020.11,하이브리드(경유+전기),충북,185.0,11377943.0
181,181,2020.11,하이브리드(LPG+전기),충북,694.0,11377943.0
182,182,2020.11,하이브리드(CNG+전기),충북,3.0,11377943.0
183,183,2020.11,하이브리드(LNG+전기),충북,0.0,11377943.0
184,184,2020.11,수소,충북,323.0,11377943.0
185,185,2020.11,기타연료,충북,5922.0,11377943.0
186,186,2020.11,총계,충북,864302.0,11377943.0
187,187,2020.11,휘발유,충남,499847.0,11377943.0
188,188,2020.11,경유,충남,523474.0,11377943.0
189,189,2020.11,엘피지,충남,87333.0,11377943.0
190,190,2020.11,등유,충남,0.0,11377943.0
191,191,2020.11,전기,충남,5157.0,11377943.0
192,192,2020.11,알코올,충남,0.0,11377943.0
193,193,2020.11,태양열,충남,0.0,11377943.0
194,194,2020.11,CNG,충남,585.0,11377943.0
195,195,2020.11,LNG,충남,1.0,11377943.0
196,196,2020.11,하이브리드(휘발유+전기),충남,21979.0,11377943.0
197,197,2020.11,하이브리드(경유+전기),충남,111.0,11377943.0
198,198,2020.11,하이브리드(LPG+전기),충남,749.0,11377943.0
199,199,2020.11,하이브리드(CNG+전기),충남,0.0,11377943.0
200,200,2020.11,하이브리드(LNG+전기),충남,0.0,11377943.0
201,201,2020.11,수소,충남,450.0,11377943.0
202,202,2020.11,기타연료,충남,8167.0,11377943.0
203,203,2020.11,총계,충남,1147853.0,11377943.0
204,204,2020.11,휘발유,전북,387347.0,11377943.0
205,205,2020.11,경유,전북,437812.0,11377943.0
206,206,2020.11,엘피지,전북,94227.0,11377943.0
207,207,2020.11,등유,전북,0.0,11377943.0
208,208,2020.11,전기,전북,3269.0,11377943.0
209,209,2020.11,알코올,전북,0.0,11377943.0
210,210,2020.11,태양열,전북,0.0,11377943.0
211,211,2020.11,CNG,전북,1010.0,11377943.0
212,212,2020.11,LNG,전북,0.0,11377943.0
213,213,2020.11,하이브리드(휘발유+전기),전북,17655.0,11377943.0
214,214,2020.11,하이브리드(경유+전기),전북,194.0,11377943.0
215,215,2020.11,하이브리드(LPG+전기),전북,839.0,11377943.0
216,216,2020.11,하이브리드(CNG+전기),전북,8.0,11377943.0
217,217,2020.11,하이브리드(LNG+전기),전북,0.0,11377943.0
218,218,2020.11,수소,전북,383.0,11377943.0
219,219,2020.11,기타연료,전북,4622.0,11377943.0
220,220,2020.11,총계,전북,947366.0,11377943.0
221,221,2020.11,휘발유,전남,416322.0,11377943.0
222,222,2020.11,경유,전남,535277.0,11377943.0
223,223,2020.11,엘피지,전남,105825.0,11377943.0
224,224,2020.11,등유,전남,0.0,11377943.0
225,225,2020.11,전기,전남,5055.0,11377943.0
226,226,2020.11,알코올,전남,0.0,11377943.0
227,227,2020.11,태양열,전남,0.0,11377943.0
228,228,2020.11,CNG,전남,1017.0,11377943.0
229,229,2020.11,LNG,전남,0.0,11377943.0
230,230,2020.11,하이브리드(휘발유+전기),전남,19446.0,11377943.0
231,231,2020.11,하이브리드(경유+전기),전남,126.0,11377943.0
232,232,2020.11,하이브리드(LPG+전기),전남,881.0,11377943.0
233,233,2020.11,하이브리드(CNG+전기),전남,0.0,11377943.0
234,234,2020.11,하이브리드(LNG+전기),전남,0.0,11377943.0
235,235,2020.11,수소,전남,122.0,11377943.0
236,236,2020.11,기타연료,전남,8881.0,11377943.0
237,237,2020.11,총계,전남,1092952.0,11377943.0
238,238,2020.11,휘발유,경북,629871.0,11377943.0
239,239,2020.11,경유,경북,671873.0,11377943.0
240,240,2020.11,엘피지,경북,127076.0,11377943.0
241,241,2020.11,등유,경북,0.0,11377943.0
242,242,2020.11,전기,경북,6753.0,11377943.0
243,243,2020.11,알코올,경북,0.0,11377943.0
244,244,2020.11,태양열,경북,0.0,11377943.0
245,245,2020.11,CNG,경북,1118.0,11377943.0
246,246,2020.11,LNG,경북,1.0,11377943.0
247,247,2020.11,하이브리드(휘발유+전기),경북,25138.0,11377943.0
248,248,2020.11,하이브리드(경유+전기),경북,101.0,11377943.0
249,249,2020.11,하이브리드(LPG+전기),경북,1061.0,11377943.0
250,250,2020.11,하이브리드(CNG+전기),경북,31.0,11377943.0
251,251,2020.11,하이브리드(LNG+전기),경북,0.0,11377943.0
252,252,2020.11,수소,경북,17.0,11377943.0
253,253,2020.11,기타연료,경북,9756.0,11377943.0
254,254,2020.11,총계,경북,1472796.0,11377943.0
255,255,2020.11,휘발유,경남,836723.0,11377943.0
256,256,2020.11,경유,경남,740809.0,11377943.0
257,257,2020.11,엘피지,경남,137078.0,11377943.0
258,258,2020.11,등유,경남,1.0,11377943.0
259,259,2020.11,전기,경남,6137.0,11377943.0
260,260,2020.11,알코올,경남,0.0,11377943.0
261,261,2020.11,태양열,경남,0.0,11377943.0
262,262,2020.11,CNG,경남,1632.0,11377943.0
263,263,2020.11,LNG,경남,0.0,11377943.0
264,264,2020.11,하이브리드(휘발유+전기),경남,34268.0,11377943.0
265,265,2020.11,하이브리드(경유+전기),경남,264.0,11377943.0
266,266,2020.11,하이브리드(LPG+전기),경남,1088.0,11377943.0
267,267,2020.11,하이브리드(CNG+전기),경남,1.0,11377943.0
268,268,2020.11,하이브리드(LNG+전기),경남,0.0,11377943.0
269,269,2020.11,수소,경남,878.0,11377943.0
270,270,2020.11,기타연료,경남,8194.0,11377943.0
271,271,2020.11,총계,경남,1767073.0,11377943.0
272,272,2020.11,휘발유,제주,268850.0,11377943.0
273,273,2020.11,경유,제주,256686.0,11377943.0
274,274,2020.11,엘피지,제주,63095.0,11377943.0
275,275,2020.11,등유,제주,0.0,11377943.0
276,276,2020.11,전기,제주,21261.0,11377943.0
277,277,2020.11,알코올,제주,0.0,11377943.0
278,278,2020.11,태양열,제주,0.0,11377943.0
279,279,2020.11,CNG,제주,8.0,11377943.0
280,280,2020.11,LNG,제주,0.0,11377943.0
281,281,2020.11,하이브리드(휘발유+전기),제주,16737.0,11377943.0
282,282,2020.11,하이브리드(경유+전기),제주,101.0,11377943.0
283,283,2020.11,하이브리드(LPG+전기),제주,343.0,11377943.0
284,284,2020.11,하이브리드(CNG+전기),제주,0.0,11377943.0
285,285,2020.11,하이브리드(LNG+전기),제주,0.0,11377943.0
286,286,2020.11,수소,제주,0.0,11377943.0
287,287,2020.11,기타연료,제주,742.0,11377943.0
288,288,2020.11,총계,제주,627823.0,11377943.0
289,0,2021.11,휘발유,서울,1646122.0,11732285.0
290,1,2021.11,경유,서울,1088003.0,11732285.0
291,2,2021.11,엘피지,서울,245825.0,11732285.0
292,3,2021.11,등유,서울,0.0,11732285.0
293,4,2021.11,전기,서울,38840.0,11732285.0
294,5,2021.11,알코올,서울,0.0,11732285.0
295,6,2021.11,태양열,서울,0.0,11732285.0
296,7,2021.11,CNG,서울,8977.0,11732285.0
297,8,2021.11,LNG,서울,0.0,11732285.0
298,9,2021.11,하이브리드(휘발유+전기),서울,136308.0,11732285.0
299,10,2021.11,하이브리드(경유+전기),서울,2079.0,11732285.0
300,11,2021.11,하이브리드(LPG+전기),서울,1659.0,11732285.0
301,12,2021.11,하이브리드(CNG+전기),서울,51.0,11732285.0
302,13,2021.11,하이브리드(LNG+전기),서울,0.0,11732285.0
303,14,2021.11,수소,서울,2383.0,11732285.0
304,15,2021.11,기타연료,서울,6989.0,11732285.0
305,16,2021.11,총계,서울,3177236.0,11732285.0
306,17,2021.11,휘발유,부산,704346.0,11732285.0
307,18,2021.11,경유,부산,554709.0,11732285.0
308,19,2021.11,엘피지,부산,113503.0,11732285.0
309,20,2021.11,등유,부산,0.0,11732285.0
310,21,2021.11,전기,부산,11766.0,11732285.0
311,22,2021.11,알코올,부산,1.0,11732285.0
312,23,2021.11,태양열,부산,0.0,11732285.0
313,24,2021.11,CNG,부산,2713.0,11732285.0
314,25,2021.11,LNG,부산,2.0,11732285.0
315,26,2021.11,하이브리드(휘발유+전기),부산,52492.0,11732285.0
316,27,2021.11,하이브리드(경유+전기),부산,3059.0,11732285.0
317,28,2021.11,하이브리드(LPG+전기),부산,735.0,11732285.0
318,29,2021.11,하이브리드(CNG+전기),부산,2.0,11732285.0
319,30,2021.11,하이브리드(LNG+전기),부산,0.0,11732285.0
320,31,2021.11,수소,부산,1306.0,11732285.0
321,32,2021.11,기타연료,부산,15869.0,11732285.0
322,33,2021.11,총계,부산,1460503.0,11732285.0
323,34,2021.11,휘발유,대구,581707.0,11732285.0
324,35,2021.11,경유,대구,451527.0,11732285.0
325,36,2021.11,엘피지,대구,107907.0,11732285.0
326,37,2021.11,등유,대구,1.0,11732285.0
327,38,2021.11,전기,대구,16083.0,11732285.0
328,39,2021.11,알코올,대구,0.0,11732285.0
329,40,2021.11,태양열,대구,0.0,11732285.0
330,41,2021.11,CNG,대구,2424.0,11732285.0
331,42,2021.11,LNG,대구,0.0,11732285.0
332,43,2021.11,하이브리드(휘발유+전기),대구,43435.0,11732285.0
333,44,2021.11,하이브리드(경유+전기),대구,1568.0,11732285.0
334,45,2021.11,하이브리드(LPG+전기),대구,840.0,11732285.0
335,46,2021.11,하이브리드(CNG+전기),대구,13.0,11732285.0
336,47,2021.11,하이브리드(LNG+전기),대구,0.0,11732285.0
337,48,2021.11,수소,대구,309.0,11732285.0
338,49,2021.11,기타연료,대구,4484.0,11732285.0
339,50,2021.11,총계,대구,1210298.0,11732285.0
340,51,2021.11,휘발유,인천,807266.0,11732285.0
341,52,2021.11,경유,인천,634789.0,11732285.0
342,53,2021.11,엘피지,인천,117273.0,11732285.0
343,54,2021.11,등유,인천,0.0,11732285.0
344,55,2021.11,전기,인천,11775.0,11732285.0
345,56,2021.11,알코올,인천,0.0,11732285.0
346,57,2021.11,태양열,인천,0.0,11732285.0
347,58,2021.11,CNG,인천,2556.0,11732285.0
348,59,2021.11,LNG,인천,3.0,11732285.0
349,60,2021.11,하이브리드(휘발유+전기),인천,77236.0,11732285.0
350,61,2021.11,하이브리드(경유+전기),인천,5875.0,11732285.0
351,62,2021.11,하이브리드(LPG+전기),인천,703.0,11732285.0
352,63,2021.11,하이브리드(CNG+전기),인천,37.0,11732285.0
353,64,2021.11,하이브리드(LNG+전기),인천,0.0,11732285.0
354,65,2021.11,수소,인천,998.0,11732285.0
355,66,2021.11,기타연료,인천,13709.0,11732285.0
356,67,2021.11,총계,인천,1672220.0,11732285.0
357,68,2021.11,휘발유,광주,309906.0,11732285.0
358,69,2021.11,경유,광주,266986.0,11732285.0
359,70,2021.11,엘피지,광주,88968.0,11732285.0
360,71,2021.11,등유,광주,0.0,11732285.0
361,72,2021.11,전기,광주,4978.0,11732285.0
362,73,2021.11,알코올,광주,0.0,11732285.0
363,74,2021.11,태양열,광주,0.0,11732285.0
364,75,2021.11,CNG,광주,1269.0,11732285.0
365,76,2021.11,LNG,광주,0.0,11732285.0
366,77,2021.11,하이브리드(휘발유+전기),광주,21651.0,11732285.0
367,78,2021.11,하이브리드(경유+전기),광주,353.0,11732285.0
368,79,2021.11,하이브리드(LPG+전기),광주,646.0,11732285.0
369,80,2021.11,하이브리드(CNG+전기),광주,26.0,11732285.0
370,81,2021.11,하이브리드(LNG+전기),광주,0.0,11732285.0
371,82,2021.11,수소,광주,890.0,11732285.0
372,83,2021.11,기타연료,광주,3954.0,11732285.0
373,84,2021.11,총계,광주,699627.0,11732285.0
374,85,2021.11,휘발유,대전,339003.0,11732285.0
375,86,2021.11,경유,대전,248820.0,11732285.0
376,87,2021.11,엘피지,대전,67761.0,11732285.0
377,88,2021.11,등유,대전,0.0,11732285.0
378,89,2021.11,전기,대전,7737.0,11732285.0
379,90,2021.11,알코올,대전,0.0,11732285.0
380,91,2021.11,태양열,대전,0.0,11732285.0
381,92,2021.11,CNG,대전,1542.0,11732285.0
382,93,2021.11,LNG,대전,0.0,11732285.0
383,94,2021.11,하이브리드(휘발유+전기),대전,21775.0,11732285.0
384,95,2021.11,하이브리드(경유+전기),대전,301.0,11732285.0
385,96,2021.11,하이브리드(LPG+전기),대전,501.0,11732285.0
386,97,2021.11,하이브리드(CNG+전기),대전,0.0,11732285.0
387,98,2021.11,하이브리드(LNG+전기),대전,0.0,11732285.0
388,99,2021.11,수소,대전,866.0,11732285.0
389,100,2021.11,기타연료,대전,3739.0,11732285.0
390,101,2021.11,총계,대전,692045.0,11732285.0
391,102,2021.11,휘발유,울산,294408.0,11732285.0
392,103,2021.11,경유,울산,220334.0,11732285.0
393,104,2021.11,엘피지,울산,36480.0,11732285.0
394,105,2021.11,등유,울산,0.0,11732285.0
395,106,2021.11,전기,울산,3149.0,11732285.0
396,107,2021.11,알코올,울산,0.0,11732285.0
397,108,2021.11,태양열,울산,0.0,11732285.0
398,109,2021.11,CNG,울산,812.0,11732285.0
399,110,2021.11,LNG,울산,0.0,11732285.0
400,111,2021.11,하이브리드(휘발유+전기),울산,17641.0,11732285.0
401,112,2021.11,하이브리드(경유+전기),울산,156.0,11732285.0
402,113,2021.11,하이브리드(LPG+전기),울산,468.0,11732285.0
403,114,2021.11,하이브리드(CNG+전기),울산,46.0,11732285.0
404,115,2021.11,하이브리드(LNG+전기),울산,0.0,11732285.0
405,116,2021.11,수소,울산,2198.0,11732285.0
406,117,2021.11,기타연료,울산,5130.0,11732285.0
407,118,2021.11,총계,울산,580822.0,11732285.0
408,119,2021.11,휘발유,세종,92151.0,11732285.0
409,120,2021.11,경유,세종,65369.0,11732285.0
410,121,2021.11,엘피지,세종,12890.0,11732285.0
411,122,2021.11,등유,세종,0.0,11732285.0
412,123,2021.11,전기,세종,1717.0,11732285.0
413,124,2021.11,알코올,세종,0.0,11732285.0
414,125,2021.11,태양열,세종,0.0,11732285.0
415,126,2021.11,CNG,세종,178.0,11732285.0
416,127,2021.11,LNG,세종,0.0,11732285.0
417,128,2021.11,하이브리드(휘발유+전기),세종,9829.0,11732285.0
418,129,2021.11,하이브리드(경유+전기),세종,116.0,11732285.0
419,130,2021.11,하이브리드(LPG+전기),세종,149.0,11732285.0
420,131,2021.11,하이브리드(CNG+전기),세종,27.0,11732285.0
421,132,2021.11,하이브리드(LNG+전기),세종,0.0,11732285.0
422,133,2021.11,수소,세종,121.0,11732285.0
423,134,2021.11,기타연료,세종,1126.0,11732285.0
424,135,2021.11,총계,세종,183673.0,11732285.0
425,136,2021.11,휘발유,경기,3017624.0,11732285.0
426,137,2021.11,경유,경기,2444919.0,11732285.0
427,138,2021.11,엘피지,경기,406674.0,11732285.0
428,139,2021.11,등유,경기,1.0,11732285.0
429,140,2021.11,전기,경기,38563.0,11732285.0
430,141,2021.11,알코올,경기,0.0,11732285.0
431,142,2021.11,태양열,경기,1.0,11732285.0
432,143,2021.11,CNG,경기,8641.0,11732285.0
433,144,2021.11,LNG,경기,1.0,11732285.0
434,145,2021.11,하이브리드(휘발유+전기),경기,232466.0,11732285.0
435,146,2021.11,하이브리드(경유+전기),경기,3128.0,11732285.0
436,147,2021.11,하이브리드(LPG+전기),경기,3600.0,11732285.0
437,148,2021.11,하이브리드(CNG+전기),경기,79.0,11732285.0
438,149,2021.11,하이브리드(LNG+전기),경기,0.0,11732285.0
439,150,2021.11,수소,경기,3442.0,11732285.0
440,151,2021.11,기타연료,경기,28786.0,11732285.0
441,152,2021.11,총계,경기,6187925.0,11732285.0
442,153,2021.11,휘발유,강원,360348.0,11732285.0
443,154,2021.11,경유,강원,370839.0,11732285.0
444,155,2021.11,엘피지,강원,58959.0,11732285.0
445,156,2021.11,등유,강원,0.0,11732285.0
446,157,2021.11,전기,강원,7231.0,11732285.0
447,158,2021.11,알코올,강원,0.0,11732285.0
448,159,2021.11,태양열,강원,0.0,11732285.0
449,160,2021.11,CNG,강원,607.0,11732285.0
450,161,2021.11,LNG,강원,0.0,11732285.0
451,162,2021.11,하이브리드(휘발유+전기),강원,21797.0,11732285.0
452,163,2021.11,하이브리드(경유+전기),강원,225.0,11732285.0
453,164,2021.11,하이브리드(LPG+전기),강원,638.0,11732285.0
454,165,2021.11,하이브리드(CNG+전기),강원,0.0,11732285.0
455,166,2021.11,하이브리드(LNG+전기),강원,0.0,11732285.0
456,167,2021.11,수소,강원,1770.0,11732285.0
457,168,2021.11,기타연료,강원,4138.0,11732285.0
458,169,2021.11,총계,강원,826552.0,11732285.0
459,170,2021.11,휘발유,충북,399367.0,11732285.0
460,171,2021.11,경유,충북,380495.0,11732285.0
461,172,2021.11,엘피지,충북,70473.0,11732285.0
462,173,2021.11,등유,충북,0.0,11732285.0
463,174,2021.11,전기,충북,7731.0,11732285.0
464,175,2021.11,알코올,충북,0.0,11732285.0
465,176,2021.11,태양열,충북,0.0,11732285.0
466,177,2021.11,CNG,충북,695.0,11732285.0
467,178,2021.11,LNG,충북,0.0,11732285.0
468,179,2021.11,하이브리드(휘발유+전기),충북,23357.0,11732285.0
469,180,2021.11,하이브리드(경유+전기),충북,508.0,11732285.0
470,181,2021.11,하이브리드(LPG+전기),충북,672.0,11732285.0
471,182,2021.11,하이브리드(CNG+전기),충북,3.0,11732285.0
472,183,2021.11,하이브리드(LNG+전기),충북,0.0,11732285.0
473,184,2021.11,수소,충북,897.0,11732285.0
474,185,2021.11,기타연료,충북,6684.0,11732285.0
475,186,2021.11,총계,충북,890882.0,11732285.0
476,187,2021.11,휘발유,충남,518283.0,11732285.0
477,188,2021.11,경유,충남,516144.0,11732285.0
478,189,2021.11,엘피지,충남,88836.0,11732285.0
479,190,2021.11,등유,충남,0.0,11732285.0
480,191,2021.11,전기,충남,9836.0,11732285.0
481,192,2021.11,알코올,충남,0.0,11732285.0
482,193,2021.11,태양열,충남,0.0,11732285.0
483,194,2021.11,CNG,충남,564.0,11732285.0
484,195,2021.11,LNG,충남,2.0,11732285.0
485,196,2021.11,하이브리드(휘발유+전기),충남,29387.0,11732285.0
486,197,2021.11,하이브리드(경유+전기),충남,379.0,11732285.0
487,198,2021.11,하이브리드(LPG+전기),충남,736.0,11732285.0
488,199,2021.11,하이브리드(CNG+전기),충남,0.0,11732285.0
489,200,2021.11,하이브리드(LNG+전기),충남,0.0,11732285.0
490,201,2021.11,수소,충남,780.0,11732285.0
491,202,2021.11,기타연료,충남,9287.0,11732285.0
492,203,2021.11,총계,충남,1174234.0,11732285.0
493,204,2021.11,휘발유,전북,395293.0,11732285.0
494,205,2021.11,경유,전북,431709.0,11732285.0
495,206,2021.11,엘피지,전북,93796.0,11732285.0
496,207,2021.11,등유,전북,0.0,11732285.0
497,208,2021.11,전기,전북,7147.0,11732285.0
498,209,2021.11,알코올,전북,0.0,11732285.0
499,210,2021.11,태양열,전북,0.0,11732285.0
500,211,2021.11,CNG,전북,958.0,11732285.0
501,212,2021.11,LNG,전북,1.0,11732285.0
502,213,2021.11,하이브리드(휘발유+전기),전북,23087.0,11732285.0
503,214,2021.11,하이브리드(경유+전기),전북,614.0,11732285.0
504,215,2021.11,하이브리드(LPG+전기),전북,796.0,11732285.0
505,216,2021.11,하이브리드(CNG+전기),전북,8.0,11732285.0
506,217,2021.11,하이브리드(LNG+전기),전북,0.0,11732285.0
507,218,2021.11,수소,전북,1081.0,11732285.0
508,219,2021.11,기타연료,전북,5069.0,11732285.0
509,220,2021.11,총계,전북,959559.0,11732285.0
510,221,2021.11,휘발유,전남,453952.0,11732285.0
511,222,2021.11,경유,전남,546568.0,11732285.0
512,223,2021.11,엘피지,전남,111943.0,11732285.0
513,224,2021.11,등유,전남,0.0,11732285.0
514,225,2021.11,전기,전남,8042.0,11732285.0
515,226,2021.11,알코올,전남,0.0,11732285.0
516,227,2021.11,태양열,전남,0.0,11732285.0
517,228,2021.11,CNG,전남,968.0,11732285.0
518,229,2021.11,LNG,전남,2.0,11732285.0
519,230,2021.11,하이브리드(휘발유+전기),전남,31823.0,11732285.0
520,231,2021.11,하이브리드(경유+전기),전남,374.0,11732285.0
521,232,2021.11,하이브리드(LPG+전기),전남,855.0,11732285.0
522,233,2021.11,하이브리드(CNG+전기),전남,0.0,11732285.0
523,234,2021.11,하이브리드(LNG+전기),전남,0.0,11732285.0
524,235,2021.11,수소,전남,327.0,11732285.0
525,236,2021.11,기타연료,전남,9441.0,11732285.0
526,237,2021.11,총계,전남,1164295.0,11732285.0
527,238,2021.11,휘발유,경북,649047.0,11732285.0
528,239,2021.11,경유,경북,663071.0,11732285.0
529,240,2021.11,엘피지,경북,127787.0,11732285.0
530,241,2021.11,등유,경북,0.0,11732285.0
531,242,2021.11,전기,경북,10870.0,11732285.0
532,243,2021.11,알코올,경북,0.0,11732285.0
533,244,2021.11,태양열,경북,0.0,11732285.0
534,245,2021.11,CNG,경북,1094.0,11732285.0
535,246,2021.11,LNG,경북,2.0,11732285.0
536,247,2021.11,하이브리드(휘발유+전기),경북,33559.0,11732285.0
537,248,2021.11,하이브리드(경유+전기),경북,330.0,11732285.0
538,249,2021.11,하이브리드(LPG+전기),경북,999.0,11732285.0
539,250,2021.11,하이브리드(CNG+전기),경북,31.0,11732285.0
540,251,2021.11,하이브리드(LNG+전기),경북,0.0,11732285.0
541,252,2021.11,수소,경북,45.0,11732285.0
542,253,2021.11,기타연료,경북,10644.0,11732285.0
543,254,2021.11,총계,경북,1497479.0,11732285.0
544,255,2021.11,휘발유,경남,873336.0,11732285.0
545,256,2021.11,경유,경남,740560.0,11732285.0
546,257,2021.11,엘피지,경남,139662.0,11732285.0
547,258,2021.11,등유,경남,1.0,11732285.0
548,259,2021.11,전기,경남,12122.0,11732285.0
549,260,2021.11,알코올,경남,0.0,11732285.0
550,261,2021.11,태양열,경남,0.0,11732285.0
551,262,2021.11,CNG,경남,1479.0,11732285.0
552,263,2021.11,LNG,경남,1.0,11732285.0
553,264,2021.11,하이브리드(휘발유+전기),경남,48641.0,11732285.0
554,265,2021.11,하이브리드(경유+전기),경남,1302.0,11732285.0
555,266,2021.11,하이브리드(LPG+전기),경남,1050.0,11732285.0
556,267,2021.11,하이브리드(CNG+전기),경남,0.0,11732285.0
557,268,2021.11,하이브리드(LNG+전기),경남,0.0,11732285.0
558,269,2021.11,수소,경남,1588.0,11732285.0
559,270,2021.11,기타연료,경남,8916.0,11732285.0
560,271,2021.11,총계,경남,1828658.0,11732285.0
561,272,2021.11,휘발유,제주,290126.0,11732285.0
562,273,2021.11,경유,제주,252660.0,11732285.0
563,274,2021.11,엘피지,제주,59942.0,11732285.0
564,275,2021.11,등유,제주,0.0,11732285.0
565,276,2021.11,전기,제주,25381.0,11732285.0
566,277,2021.11,알코올,제주,0.0,11732285.0
567,278,2021.11,태양열,제주,0.0,11732285.0
568,279,2021.11,CNG,제주,9.0,11732285.0
569,280,2021.11,LNG,제주,0.0,11732285.0
570,281,2021.11,하이브리드(휘발유+전기),제주,25885.0,11732285.0
571,282,2021.11,하이브리드(경유+전기),제주,261.0,11732285.0
572,283,2021.11,하이브리드(LPG+전기),제주,344.0,11732285.0
573,284,2021.11,하이브리드(CNG+전기),제주,0.0,11732285.0
574,285,2021.11,하이브리드(LNG+전기),제주,0.0,11732285.0
575,286,2021.11,수소,제주,3.0,11732285.0
576,287,2021.11,기타연료,제주,858.0,11732285.0
577,288,2021.11,총계,제주,655469.0,11732285.0
578,0,2022.11,휘발유,서울,1653784.0,12043530.0
579,1,2022.11,경유,서울,1060081.0,12043530.0
580,2,2022.11,엘피지,서울,235264.0,12043530.0
581,3,2022.11,등유,서울,0.0,12043530.0
582,4,2022.11,전기,서울,57351.0,12043530.0
583,5,2022.11,알코올,서울,1.0,12043530.0
584,6,2022.11,태양열,서울,0.0,12043530.0
585,7,2022.11,CNG,서울,8372.0,12043530.0
586,8,2022.11,LNG,서울,1.0,12043530.0
587,9,2022.11,하이브리드(휘발유+전기),서울,161901.0,12043530.0
588,10,2022.11,하이브리드(경유+전기),서울,3518.0,12043530.0
589,11,2022.11,하이브리드(LPG+전기),서울,1472.0,12043530.0
590,12,2022.11,하이브리드(CNG+전기),서울,47.0,12043530.0
591,13,2022.11,하이브리드(LNG+전기),서울,0.0,12043530.0
592,14,2022.11,수소,서울,2921.0,12043530.0
593,15,2022.11,기타연료,서울,7399.0,12043530.0
594,16,2022.11,총계,서울,3192112.0,12043530.0
595,17,2022.11,휘발유,부산,725973.0,12043530.0
596,18,2022.11,경유,부산,541814.0,12043530.0
597,19,2022.11,엘피지,부산,108402.0,12043530.0
598,20,2022.11,등유,부산,0.0,12043530.0
599,21,2022.11,전기,부산,21916.0,12043530.0
600,22,2022.11,알코올,부산,1.0,12043530.0
601,23,2022.11,태양열,부산,0.0,12043530.0
602,24,2022.11,CNG,부산,2568.0,12043530.0
603,25,2022.11,LNG,부산,5.0,12043530.0
604,26,2022.11,하이브리드(휘발유+전기),부산,72643.0,12043530.0
605,27,2022.11,하이브리드(경유+전기),부산,5659.0,12043530.0
606,28,2022.11,하이브리드(LPG+전기),부산,704.0,12043530.0
607,29,2022.11,하이브리드(CNG+전기),부산,2.0,12043530.0
608,30,2022.11,하이브리드(LNG+전기),부산,0.0,12043530.0
609,31,2022.11,수소,부산,1901.0,12043530.0
610,32,2022.11,기타연료,부산,16404.0,12043530.0
611,33,2022.11,총계,부산,1497992.0,12043530.0
612,34,2022.11,휘발유,대구,589281.0,12043530.0
613,35,2022.11,경유,대구,444798.0,12043530.0
614,36,2022.11,엘피지,대구,104736.0,12043530.0
615,37,2022.11,등유,대구,0.0,12043530.0
616,38,2022.11,전기,대구,24131.0,12043530.0
617,39,2022.11,알코올,대구,0.0,12043530.0
618,40,2022.11,태양열,대구,0.0,12043530.0
619,41,2022.11,CNG,대구,2347.0,12043530.0
620,42,2022.11,LNG,대구,0.0,12043530.0
621,43,2022.11,하이브리드(휘발유+전기),대구,54867.0,12043530.0
622,44,2022.11,하이브리드(경유+전기),대구,3129.0,12043530.0
623,45,2022.11,하이브리드(LPG+전기),대구,778.0,12043530.0
624,46,2022.11,하이브리드(CNG+전기),대구,13.0,12043530.0
625,47,2022.11,하이브리드(LNG+전기),대구,0.0,12043530.0
626,48,2022.11,수소,대구,532.0,12043530.0
627,49,2022.11,기타연료,대구,4836.0,12043530.0
628,50,2022.11,총계,대구,1229448.0,12043530.0
629,51,2022.11,휘발유,인천,822433.0,12043530.0
630,52,2022.11,경유,인천,606327.0,12043530.0
631,53,2022.11,엘피지,인천,106164.0,12043530.0
632,54,2022.11,등유,인천,0.0,12043530.0
633,55,2022.11,전기,인천,25835.0,12043530.0
634,56,2022.11,알코올,인천,0.0,12043530.0
635,57,2022.11,태양열,인천,0.0,12043530.0
636,58,2022.11,CNG,인천,2449.0,12043530.0
637,59,2022.11,LNG,인천,3.0,12043530.0
638,60,2022.11,하이브리드(휘발유+전기),인천,103961.0,12043530.0
639,61,2022.11,하이브리드(경유+전기),인천,9789.0,12043530.0
640,62,2022.11,하이브리드(LPG+전기),인천,648.0,12043530.0
641,63,2022.11,하이브리드(CNG+전기),인천,36.0,12043530.0
642,64,2022.11,하이브리드(LNG+전기),인천,0.0,12043530.0
643,65,2022.11,수소,인천,1609.0,12043530.0
644,66,2022.11,기타연료,인천,14113.0,12043530.0
645,67,2022.11,총계,인천,1693367.0,12043530.0
646,68,2022.11,휘발유,광주,315490.0,12043530.0
647,69,2022.11,경유,광주,263989.0,12043530.0
648,70,2022.11,엘피지,광주,89230.0,12043530.0
649,71,2022.11,등유,광주,0.0,12043530.0
650,72,2022.11,전기,광주,8733.0,12043530.0
651,73,2022.11,알코올,광주,0.0,12043530.0
652,74,2022.11,태양열,광주,0.0,12043530.0
653,75,2022.11,CNG,광주,1243.0,12043530.0
654,76,2022.11,LNG,광주,0.0,12043530.0
655,77,2022.11,하이브리드(휘발유+전기),광주,28105.0,12043530.0
656,78,2022.11,하이브리드(경유+전기),광주,635.0,12043530.0
657,79,2022.11,하이브리드(LPG+전기),광주,603.0,12043530.0
658,80,2022.11,하이브리드(CNG+전기),광주,26.0,12043530.0
659,81,2022.11,하이브리드(LNG+전기),광주,0.0,12043530.0
660,82,2022.11,수소,광주,1140.0,12043530.0
661,83,2022.11,기타연료,광주,4177.0,12043530.0
662,84,2022.11,총계,광주,713371.0,12043530.0
663,85,2022.11,휘발유,대전,344646.0,12043530.0
664,86,2022.11,경유,대전,245963.0,12043530.0
665,87,2022.11,엘피지,대전,66906.0,12043530.0
666,88,2022.11,등유,대전,0.0,12043530.0
667,89,2022.11,전기,대전,14163.0,12043530.0
668,90,2022.11,알코올,대전,0.0,12043530.0
669,91,2022.11,태양열,대전,0.0,12043530.0
670,92,2022.11,CNG,대전,1438.0,12043530.0
671,93,2022.11,LNG,대전,0.0,12043530.0
672,94,2022.11,하이브리드(휘발유+전기),대전,27513.0,12043530.0
673,95,2022.11,하이브리드(경유+전기),대전,554.0,12043530.0
674,96,2022.11,하이브리드(LPG+전기),대전,481.0,12043530.0
675,97,2022.11,하이브리드(CNG+전기),대전,0.0,12043530.0
676,98,2022.11,하이브리드(LNG+전기),대전,0.0,12043530.0
677,99,2022.11,수소,대전,1208.0,12043530.0
678,100,2022.11,기타연료,대전,3990.0,12043530.0
679,101,2022.11,총계,대전,706862.0,12043530.0
680,102,2022.11,휘발유,울산,300286.0,12043530.0
681,103,2022.11,경유,울산,214560.0,12043530.0
682,104,2022.11,엘피지,울산,35640.0,12043530.0
683,105,2022.11,등유,울산,0.0,12043530.0
684,106,2022.11,전기,울산,5030.0,12043530.0
685,107,2022.11,알코올,울산,0.0,12043530.0
686,108,2022.11,태양열,울산,0.0,12043530.0
687,109,2022.11,CNG,울산,805.0,12043530.0
688,110,2022.11,LNG,울산,0.0,12043530.0
689,111,2022.11,하이브리드(휘발유+전기),울산,22789.0,12043530.0
690,112,2022.11,하이브리드(경유+전기),울산,248.0,12043530.0
691,113,2022.11,하이브리드(LPG+전기),울산,455.0,12043530.0
692,114,2022.11,하이브리드(CNG+전기),울산,46.0,12043530.0
693,115,2022.11,하이브리드(LNG+전기),울산,0.0,12043530.0
694,116,2022.11,수소,울산,2580.0,12043530.0
695,117,2022.11,기타연료,울산,5288.0,12043530.0
696,118,2022.11,총계,울산,587727.0,12043530.0
697,119,2022.11,휘발유,세종,96729.0,12043530.0
698,120,2022.11,경유,세종,66012.0,12043530.0
699,121,2022.11,엘피지,세종,13230.0,12043530.0
700,122,2022.11,등유,세종,0.0,12043530.0
701,123,2022.11,전기,세종,2962.0,12043530.0
702,124,2022.11,알코올,세종,0.0,12043530.0
703,125,2022.11,태양열,세종,0.0,12043530.0
704,126,2022.11,CNG,세종,182.0,12043530.0
705,127,2022.11,LNG,세종,0.0,12043530.0
706,128,2022.11,하이브리드(휘발유+전기),세종,12262.0,12043530.0
707,129,2022.11,하이브리드(경유+전기),세종,181.0,12043530.0
708,130,2022.11,하이브리드(LPG+전기),세종,140.0,12043530.0
709,131,2022.11,하이브리드(CNG+전기),세종,12.0,12043530.0
710,132,2022.11,하이브리드(LNG+전기),세종,0.0,12043530.0
711,133,2022.11,수소,세종,253.0,12043530.0
712,134,2022.11,기타연료,세종,1272.0,12043530.0
713,135,2022.11,총계,세종,193235.0,12043530.0
714,136,2022.11,휘발유,경기,3097029.0,12043530.0
715,137,2022.11,경유,경기,2443582.0,12043530.0
716,138,2022.11,엘피지,경기,401549.0,12043530.0
717,139,2022.11,등유,경기,0.0,12043530.0
718,140,2022.11,전기,경기,75811.0,12043530.0
719,141,2022.11,알코올,경기,1.0,12043530.0
720,142,2022.11,태양열,경기,2.0,12043530.0
721,143,2022.11,CNG,경기,8140.0,12043530.0
722,144,2022.11,LNG,경기,4.0,12043530.0
723,145,2022.11,하이브리드(휘발유+전기),경기,291125.0,12043530.0
724,146,2022.11,하이브리드(경유+전기),경기,5255.0,12043530.0
725,147,2022.11,하이브리드(LPG+전기),경기,3278.0,12043530.0
726,148,2022.11,하이브리드(CNG+전기),경기,78.0,12043530.0
727,149,2022.11,하이브리드(LNG+전기),경기,0.0,12043530.0
728,150,2022.11,수소,경기,6169.0,12043530.0
729,151,2022.11,기타연료,경기,31098.0,12043530.0
730,152,2022.11,총계,경기,6363121.0,12043530.0
731,153,2022.11,휘발유,강원,373141.0,12043530.0
732,154,2022.11,경유,강원,369433.0,12043530.0
733,155,2022.11,엘피지,강원,57825.0,12043530.0
734,156,2022.11,등유,강원,0.0,12043530.0
735,157,2022.11,전기,강원,13618.0,12043530.0
736,158,2022.11,알코올,강원,0.0,12043530.0
737,159,2022.11,태양열,강원,0.0,12043530.0
738,160,2022.11,CNG,강원,514.0,12043530.0
739,161,2022.11,LNG,강원,0.0,12043530.0
740,162,2022.11,하이브리드(휘발유+전기),강원,27366.0,12043530.0
741,163,2022.11,하이브리드(경유+전기),강원,408.0,12043530.0
742,164,2022.11,하이브리드(LPG+전기),강원,569.0,12043530.0
743,165,2022.11,하이브리드(CNG+전기),강원,0.0,12043530.0
744,166,2022.11,하이브리드(LNG+전기),강원,0.0,12043530.0
745,167,2022.11,수소,강원,2485.0,12043530.0
746,168,2022.11,기타연료,강원,4628.0,12043530.0
747,169,2022.11,총계,강원,849987.0,12043530.0
748,170,2022.11,휘발유,충북,410120.0,12043530.0
749,171,2022.11,경유,충북,378935.0,12043530.0
750,172,2022.11,엘피지,충북,70546.0,12043530.0
751,173,2022.11,등유,충북,0.0,12043530.0
752,174,2022.11,전기,충북,14933.0,12043530.0
753,175,2022.11,알코올,충북,0.0,12043530.0
754,176,2022.11,태양열,충북,0.0,12043530.0
755,177,2022.11,CNG,충북,642.0,12043530.0
756,178,2022.11,LNG,충북,0.0,12043530.0
757,179,2022.11,하이브리드(휘발유+전기),충북,29634.0,12043530.0
758,180,2022.11,하이브리드(경유+전기),충북,701.0,12043530.0
759,181,2022.11,하이브리드(LPG+전기),충북,615.0,12043530.0
760,182,2022.11,하이브리드(CNG+전기),충북,2.0,12043530.0
761,183,2022.11,하이브리드(LNG+전기),충북,0.0,12043530.0
762,184,2022.11,수소,충북,1713.0,12043530.0
763,185,2022.11,기타연료,충북,7186.0,12043530.0
764,186,2022.11,총계,충북,915027.0,12043530.0
765,187,2022.11,휘발유,충남,536114.0,12043530.0
766,188,2022.11,경유,충남,515623.0,12043530.0
767,189,2022.11,엘피지,충남,89889.0,12043530.0
768,190,2022.11,등유,충남,0.0,12043530.0
769,191,2022.11,전기,충남,16467.0,12043530.0
770,192,2022.11,알코올,충남,0.0,12043530.0
771,193,2022.11,태양열,충남,0.0,12043530.0
772,194,2022.11,CNG,충남,522.0,12043530.0
773,195,2022.11,LNG,충남,2.0,12043530.0
774,196,2022.11,하이브리드(휘발유+전기),충남,37644.0,12043530.0
775,197,2022.11,하이브리드(경유+전기),충남,675.0,12043530.0
776,198,2022.11,하이브리드(LPG+전기),충남,722.0,12043530.0
777,199,2022.11,하이브리드(CNG+전기),충남,0.0,12043530.0
778,200,2022.11,하이브리드(LNG+전기),충남,0.0,12043530.0
779,201,2022.11,수소,충남,1245.0,12043530.0
780,202,2022.11,기타연료,충남,10057.0,12043530.0
781,203,2022.11,총계,충남,1208960.0,12043530.0
782,204,2022.11,휘발유,전북,402481.0,12043530.0
783,205,2022.11,경유,전북,428970.0,12043530.0
784,206,2022.11,엘피지,전북,93459.0,12043530.0
785,207,2022.11,등유,전북,0.0,12043530.0
786,208,2022.11,전기,전북,12622.0,12043530.0
787,209,2022.11,알코올,전북,0.0,12043530.0
788,210,2022.11,태양열,전북,0.0,12043530.0
789,211,2022.11,CNG,전북,872.0,12043530.0
790,212,2022.11,LNG,전북,1.0,12043530.0
791,213,2022.11,하이브리드(휘발유+전기),전북,28964.0,12043530.0
792,214,2022.11,하이브리드(경유+전기),전북,861.0,12043530.0
793,215,2022.11,하이브리드(LPG+전기),전북,758.0,12043530.0
794,216,2022.11,하이브리드(CNG+전기),전북,6.0,12043530.0
795,217,2022.11,하이브리드(LNG+전기),전북,0.0,12043530.0
796,218,2022.11,수소,전북,1854.0,12043530.0
797,219,2022.11,기타연료,전북,5470.0,12043530.0
798,220,2022.11,총계,전북,976318.0,12043530.0
799,221,2022.11,휘발유,전남,494630.0,12043530.0
800,222,2022.11,경유,전남,551999.0,12043530.0
801,223,2022.11,엘피지,전남,113412.0,12043530.0
802,224,2022.11,등유,전남,0.0,12043530.0
803,225,2022.11,전기,전남,14981.0,12043530.0
804,226,2022.11,알코올,전남,0.0,12043530.0
805,227,2022.11,태양열,전남,0.0,12043530.0
806,228,2022.11,CNG,전남,911.0,12043530.0
807,229,2022.11,LNG,전남,4.0,12043530.0
808,230,2022.11,하이브리드(휘발유+전기),전남,47390.0,12043530.0
809,231,2022.11,하이브리드(경유+전기),전남,632.0,12043530.0
810,232,2022.11,하이브리드(LPG+전기),전남,776.0,12043530.0
811,233,2022.11,하이브리드(CNG+전기),전남,0.0,12043530.0
812,234,2022.11,하이브리드(LNG+전기),전남,0.0,12043530.0
813,235,2022.11,수소,전남,747.0,12043530.0
814,236,2022.11,기타연료,전남,9983.0,12043530.0
815,237,2022.11,총계,전남,1235465.0,12043530.0
816,238,2022.11,휘발유,경북,660730.0,12043530.0
817,239,2022.11,경유,경북,657476.0,12043530.0
818,240,2022.11,엘피지,경북,128220.0,12043530.0
819,241,2022.11,등유,경북,0.0,12043530.0
820,242,2022.11,전기,경북,18864.0,12043530.0
821,243,2022.11,알코올,경북,0.0,12043530.0
822,244,2022.11,태양열,경북,0.0,12043530.0
823,245,2022.11,CNG,경북,1006.0,12043530.0
824,246,2022.11,LNG,경북,6.0,12043530.0
825,247,2022.11,하이브리드(휘발유+전기),경북,42117.0,12043530.0
826,248,2022.11,하이브리드(경유+전기),경북,549.0,12043530.0
827,249,2022.11,하이브리드(LPG+전기),경북,947.0,12043530.0
828,250,2022.11,하이브리드(CNG+전기),경북,31.0,12043530.0
829,251,2022.11,하이브리드(LNG+전기),경북,0.0,12043530.0
830,252,2022.11,수소,경북,248.0,12043530.0
831,253,2022.11,기타연료,경북,11320.0,12043530.0
832,254,2022.11,총계,경북,1521514.0,12043530.0
833,255,2022.11,휘발유,경남,906299.0,12043530.0
834,256,2022.11,경유,경남,733704.0,12043530.0
835,257,2022.11,엘피지,경남,139989.0,12043530.0
836,258,2022.11,등유,경남,1.0,12043530.0
837,259,2022.11,전기,경남,22081.0,12043530.0
838,260,2022.11,알코올,경남,0.0,12043530.0
839,261,2022.11,태양열,경남,0.0,12043530.0
840,262,2022.11,CNG,경남,1339.0,12043530.0
841,263,2022.11,LNG,경남,1.0,12043530.0
842,264,2022.11,하이브리드(휘발유+전기),경남,68484.0,12043530.0
843,265,2022.11,하이브리드(경유+전기),경남,2759.0,12043530.0
844,266,2022.11,하이브리드(LPG+전기),경남,998.0,12043530.0
845,267,2022.11,하이브리드(CNG+전기),경남,0.0,12043530.0
846,268,2022.11,하이브리드(LNG+전기),경남,0.0,12043530.0
847,269,2022.11,수소,경남,2416.0,12043530.0
848,270,2022.11,기타연료,경남,9506.0,12043530.0
849,271,2022.11,총계,경남,1887577.0,12043530.0
850,272,2022.11,휘발유,제주,314364.0,12043530.0
851,273,2022.11,경유,제주,246526.0,12043530.0
852,274,2022.11,엘피지,제주,56028.0,12043530.0
853,275,2022.11,등유,제주,0.0,12043530.0
854,276,2022.11,전기,제주,32227.0,12043530.0
855,277,2022.11,알코올,제주,0.0,12043530.0
856,278,2022.11,태양열,제주,0.0,12043530.0
857,279,2022.11,CNG,제주,6.0,12043530.0
858,280,2022.11,LNG,제주,0.0,12043530.0
859,281,2022.11,하이브리드(휘발유+전기),제주,38309.0,12043530.0
860,282,2022.11,하이브리드(경유+전기),제주,552.0,12043530.0
861,283,2022.11,하이브리드(LPG+전기),제주,333.0,12043530.0
862,284,2022.11,하이브리드(CNG+전기),제주,0.0,12043530.0
863,285,2022.11,하이브리드(LNG+전기),제주,0.0,12043530.0
864,286,2022.11,수소,제주,11.0,12043530.0
865,287,2022.11,기타연료,제주,922.0,12043530.0
866,288,2022.11,총계,제주,689278.0,12043530.0
867,0,2023.11,휘발유,서울,1660056.0,12307350.0
868,1,2023.11,경유,서울,1012182.0,12307350.0
869,2,2023.11,엘피지,서울,223115.0,12307350.0
870,3,2023.11,등유,서울,0.0,12307350.0
871,4,2023.11,전기,서울,71591.0,12307350.0
872,5,2023.11,알코올,서울,1.0,12307350.0
873,6,2023.11,태양열,서울,0.0,12307350.0
874,7,2023.11,CNG,서울,7871.0,12307350.0
875,8,2023.11,LNG,서울,1.0,12307350.0
876,9,2023.11,하이브리드(휘발유+전기),서울,199622.0,12307350.0
877,10,2023.11,하이브리드(경유+전기),서울,4763.0,12307350.0
878,11,2023.11,하이브리드(LPG+전기),서울,1514.0,12307350.0
879,12,2023.11,하이브리드(CNG+전기),서울,44.0,12307350.0
880,13,2023.11,하이브리드(LNG+전기),서울,0.0,12307350.0
881,14,2023.11,수소,서울,3176.0,12307350.0
882,15,2023.11,기타연료,서울,7612.0,12307350.0
883,16,2023.11,총계,서울,3191548.0,12307350.0
884,17,2023.11,휘발유,부산,743028.0,12307350.0
885,18,2023.11,경유,부산,519991.0,12307350.0
886,19,2023.11,엘피지,부산,101969.0,12307350.0
887,20,2023.11,등유,부산,0.0,12307350.0
888,21,2023.11,전기,부산,33770.0,12307350.0
889,22,2023.11,알코올,부산,1.0,12307350.0
890,23,2023.11,태양열,부산,0.0,12307350.0
891,24,2023.11,CNG,부산,2377.0,12307350.0
892,25,2023.11,LNG,부산,3.0,12307350.0
893,26,2023.11,하이브리드(휘발유+전기),부산,97575.0,12307350.0
894,27,2023.11,하이브리드(경유+전기),부산,7910.0,12307350.0
895,28,2023.11,하이브리드(LPG+전기),부산,652.0,12307350.0
896,29,2023.11,하이브리드(CNG+전기),부산,2.0,12307350.0
897,30,2023.11,하이브리드(LNG+전기),부산,0.0,12307350.0
898,31,2023.11,수소,부산,2054.0,12307350.0
899,32,2023.11,기타연료,부산,16349.0,12307350.0
900,33,2023.11,총계,부산,1525681.0,12307350.0
901,34,2023.11,휘발유,대구,601921.0,12307350.0
902,35,2023.11,경유,대구,440888.0,12307350.0
903,36,2023.11,엘피지,대구,101464.0,12307350.0
904,37,2023.11,등유,대구,0.0,12307350.0
905,38,2023.11,전기,대구,30272.0,12307350.0
906,39,2023.11,알코올,대구,0.0,12307350.0
907,40,2023.11,태양열,대구,0.0,12307350.0
908,41,2023.11,CNG,대구,2253.0,12307350.0
909,42,2023.11,LNG,대구,0.0,12307350.0
910,43,2023.11,하이브리드(휘발유+전기),대구,69763.0,12307350.0
911,44,2023.11,하이브리드(경유+전기),대구,3805.0,12307350.0
912,45,2023.11,하이브리드(LPG+전기),대구,711.0,12307350.0
913,46,2023.11,하이브리드(CNG+전기),대구,13.0,12307350.0
914,47,2023.11,하이브리드(LNG+전기),대구,0.0,12307350.0
915,48,2023.11,수소,대구,624.0,12307350.0
916,49,2023.11,기타연료,대구,5026.0,12307350.0
917,50,2023.11,총계,대구,1256740.0,12307350.0
918,51,2023.11,휘발유,인천,842845.0,12307350.0
919,52,2023.11,경유,인천,580536.0,12307350.0
920,53,2023.11,엘피지,인천,99823.0,12307350.0
921,54,2023.11,등유,인천,0.0,12307350.0
922,55,2023.11,전기,인천,38551.0,12307350.0
923,56,2023.11,알코올,인천,0.0,12307350.0
924,57,2023.11,태양열,인천,0.0,12307350.0
925,58,2023.11,CNG,인천,2353.0,12307350.0
926,59,2023.11,LNG,인천,3.0,12307350.0
927,60,2023.11,하이브리드(휘발유+전기),인천,133682.0,12307350.0
928,61,2023.11,하이브리드(경유+전기),인천,12025.0,12307350.0
929,62,2023.11,하이브리드(LPG+전기),인천,611.0,12307350.0
930,63,2023.11,하이브리드(CNG+전기),인천,32.0,12307350.0
931,64,2023.11,하이브리드(LNG+전기),인천,0.0,12307350.0
932,65,2023.11,수소,인천,1933.0,12307350.0
933,66,2023.11,기타연료,인천,14237.0,12307350.0
934,67,2023.11,총계,인천,1726631.0,12307350.0
935,68,2023.11,휘발유,광주,320097.0,12307350.0
936,69,2023.11,경유,광주,257246.0,12307350.0
937,70,2023.11,엘피지,광주,87269.0,12307350.0
938,71,2023.11,등유,광주,0.0,12307350.0
939,72,2023.11,전기,광주,12235.0,12307350.0
940,73,2023.11,알코올,광주,0.0,12307350.0
941,74,2023.11,태양열,광주,0.0,12307350.0
942,75,2023.11,CNG,광주,1192.0,12307350.0
943,76,2023.11,LNG,광주,0.0,12307350.0
944,77,2023.11,하이브리드(휘발유+전기),광주,37732.0,12307350.0
945,78,2023.11,하이브리드(경유+전기),광주,880.0,12307350.0
946,79,2023.11,하이브리드(LPG+전기),광주,545.0,12307350.0
947,80,2023.11,하이브리드(CNG+전기),광주,26.0,12307350.0
948,81,2023.11,하이브리드(LNG+전기),광주,0.0,12307350.0
949,82,2023.11,수소,광주,1238.0,12307350.0
950,83,2023.11,기타연료,광주,4216.0,12307350.0
951,84,2023.11,총계,광주,722676.0,12307350.0
952,85,2023.11,휘발유,대전,354042.0,12307350.0
953,86,2023.11,경유,대전,239794.0,12307350.0
954,87,2023.11,엘피지,대전,64949.0,12307350.0
955,88,2023.11,등유,대전,0.0,12307350.0
956,89,2023.11,전기,대전,17418.0,12307350.0
957,90,2023.11,알코올,대전,0.0,12307350.0
958,91,2023.11,태양열,대전,0.0,12307350.0
959,92,2023.11,CNG,대전,1320.0,12307350.0
960,93,2023.11,LNG,대전,0.0,12307350.0
961,94,2023.11,하이브리드(휘발유+전기),대전,37263.0,12307350.0
962,95,2023.11,하이브리드(경유+전기),대전,772.0,12307350.0
963,96,2023.11,하이브리드(LPG+전기),대전,419.0,12307350.0
964,97,2023.11,하이브리드(CNG+전기),대전,0.0,12307350.0
965,98,2023.11,하이브리드(LNG+전기),대전,0.0,12307350.0
966,99,2023.11,수소,대전,1519.0,12307350.0
967,100,2023.11,기타연료,대전,4075.0,12307350.0
968,101,2023.11,총계,대전,721571.0,12307350.0
969,102,2023.11,휘발유,울산,306807.0,12307350.0
970,103,2023.11,경유,울산,206064.0,12307350.0
971,104,2023.11,엘피지,울산,34229.0,12307350.0
972,105,2023.11,등유,울산,0.0,12307350.0
973,106,2023.11,전기,울산,7688.0,12307350.0
974,107,2023.11,알코올,울산,0.0,12307350.0
975,108,2023.11,태양열,울산,0.0,12307350.0
976,109,2023.11,CNG,울산,777.0,12307350.0
977,110,2023.11,LNG,울산,0.0,12307350.0
978,111,2023.11,하이브리드(휘발유+전기),울산,34357.0,12307350.0
979,112,2023.11,하이브리드(경유+전기),울산,363.0,12307350.0
980,113,2023.11,하이브리드(LPG+전기),울산,410.0,12307350.0
981,114,2023.11,하이브리드(CNG+전기),울산,46.0,12307350.0
982,115,2023.11,하이브리드(LNG+전기),울산,0.0,12307350.0
983,116,2023.11,수소,울산,2809.0,12307350.0
984,117,2023.11,기타연료,울산,5383.0,12307350.0
985,118,2023.11,총계,울산,598933.0,12307350.0
986,119,2023.11,휘발유,세종,98300.0,12307350.0
987,120,2023.11,경유,세종,64862.0,12307350.0
988,121,2023.11,엘피지,세종,12984.0,12307350.0
989,122,2023.11,등유,세종,0.0,12307350.0
990,123,2023.11,전기,세종,4235.0,12307350.0
991,124,2023.11,알코올,세종,0.0,12307350.0
992,125,2023.11,태양열,세종,0.0,12307350.0
993,126,2023.11,CNG,세종,172.0,12307350.0
994,127,2023.11,LNG,세종,0.0,12307350.0
995,128,2023.11,하이브리드(휘발유+전기),세종,15234.0,12307350.0
996,129,2023.11,하이브리드(경유+전기),세종,251.0,12307350.0
997,130,2023.11,하이브리드(LPG+전기),세종,115.0,12307350.0
998,131,2023.11,하이브리드(CNG+전기),세종,12.0,12307350.0
999,132,2023.11,하이브리드(LNG+전기),세종,0.0,12307350.0
1000,133,2023.11,수소,세종,419.0,12307350.0
1001,134,2023.11,기타연료,세종,1286.0,12307350.0
1002,135,2023.11,총계,세종,197870.0,12307350.0
1003,136,2023.11,휘발유,경기,3184224.0,12307350.0
1004,137,2023.11,경유,경기,2394040.0,12307350.0
1005,138,2023.11,엘피지,경기,390254.0,12307350.0
1006,139,2023.11,등유,경기,1.0,12307350.0
1007,140,2023.11,전기,경기,111466.0,12307350.0
1008,141,2023.11,알코올,경기,0.0,12307350.0
1009,142,2023.11,태양열,경기,1.0,12307350.0
1010,143,2023.11,CNG,경기,7236.0,12307350.0
1011,144,2023.11,LNG,경기,4.0,12307350.0
1012,145,2023.11,하이브리드(휘발유+전기),경기,378332.0,12307350.0
1013,146,2023.11,하이브리드(경유+전기),경기,7496.0,12307350.0
1014,147,2023.11,하이브리드(LPG+전기),경기,2959.0,12307350.0
1015,148,2023.11,하이브리드(CNG+전기),경기,72.0,12307350.0
1016,149,2023.11,하이브리드(LNG+전기),경기,0.0,12307350.0
1017,150,2023.11,수소,경기,7456.0,12307350.0
1018,151,2023.11,기타연료,경기,32054.0,12307350.0
1019,152,2023.11,총계,경기,6515595.0,12307350.0
1020,153,2023.11,휘발유,강원,384131.0,12307350.0
1021,154,2023.11,경유,강원,362937.0,12307350.0
1022,155,2023.11,엘피지,강원,55632.0,12307350.0
1023,156,2023.11,등유,강원,0.0,12307350.0
1024,157,2023.11,전기,강원,17927.0,12307350.0
1025,158,2023.11,알코올,강원,0.0,12307350.0
1026,159,2023.11,태양열,강원,0.0,12307350.0
1027,160,2023.11,CNG,강원,442.0,12307350.0
1028,161,2023.11,LNG,강원,0.0,12307350.0
1029,162,2023.11,하이브리드(휘발유+전기),강원,36253.0,12307350.0
1030,163,2023.11,하이브리드(경유+전기),강원,599.0,12307350.0
1031,164,2023.11,하이브리드(LPG+전기),강원,500.0,12307350.0
1032,165,2023.11,하이브리드(CNG+전기),강원,0.0,12307350.0
1033,166,2023.11,하이브리드(LNG+전기),강원,0.0,12307350.0
1034,167,2023.11,수소,강원,2699.0,12307350.0
1035,168,2023.11,기타연료,강원,4863.0,12307350.0
1036,169,2023.11,총계,강원,865983.0,12307350.0
1037,170,2023.11,휘발유,충북,421732.0,12307350.0
1038,171,2023.11,경유,충북,373366.0,12307350.0
1039,172,2023.11,엘피지,충북,69075.0,12307350.0
1040,173,2023.11,등유,충북,0.0,12307350.0
1041,174,2023.11,전기,충북,19713.0,12307350.0
1042,175,2023.11,알코올,충북,0.0,12307350.0
1043,176,2023.11,태양열,충북,0.0,12307350.0
1044,177,2023.11,CNG,충북,591.0,12307350.0
1045,178,2023.11,LNG,충북,0.0,12307350.0
1046,179,2023.11,하이브리드(휘발유+전기),충북,39889.0,12307350.0
1047,180,2023.11,하이브리드(경유+전기),충북,908.0,12307350.0
1048,181,2023.11,하이브리드(LPG+전기),충북,570.0,12307350.0
1049,182,2023.11,하이브리드(CNG+전기),충북,2.0,12307350.0
1050,183,2023.11,하이브리드(LNG+전기),충북,0.0,12307350.0
1051,184,2023.11,수소,충북,2087.0,12307350.0
1052,185,2023.11,기타연료,충북,7469.0,12307350.0
1053,186,2023.11,총계,충북,935402.0,12307350.0
1054,187,2023.11,휘발유,충남,554291.0,12307350.0
1055,188,2023.11,경유,충남,511292.0,12307350.0
1056,189,2023.11,엘피지,충남,88707.0,12307350.0
1057,190,2023.11,등유,충남,0.0,12307350.0
1058,191,2023.11,전기,충남,23558.0,12307350.0
1059,192,2023.11,알코올,충남,0.0,12307350.0
1060,193,2023.11,태양열,충남,0.0,12307350.0
1061,194,2023.11,CNG,충남,464.0,12307350.0
1062,195,2023.11,LNG,충남,2.0,12307350.0
1063,196,2023.11,하이브리드(휘발유+전기),충남,51568.0,12307350.0
1064,197,2023.11,하이브리드(경유+전기),충남,910.0,12307350.0
1065,198,2023.11,하이브리드(LPG+전기),충남,694.0,12307350.0
1066,199,2023.11,하이브리드(CNG+전기),충남,0.0,12307350.0
1067,200,2023.11,하이브리드(LNG+전기),충남,0.0,12307350.0
1068,201,2023.11,수소,충남,1516.0,12307350.0
1069,202,2023.11,기타연료,충남,10424.0,12307350.0
1070,203,2023.11,총계,충남,1243426.0,12307350.0
1071,204,2023.11,휘발유,전북,409521.0,12307350.0
1072,205,2023.11,경유,전북,421334.0,12307350.0
1073,206,2023.11,엘피지,전북,91711.0,12307350.0
1074,207,2023.11,등유,전북,0.0,12307350.0
1075,208,2023.11,전기,전북,19390.0,12307350.0
1076,209,2023.11,알코올,전북,0.0,12307350.0
1077,210,2023.11,태양열,전북,0.0,12307350.0
1078,211,2023.11,CNG,전북,742.0,12307350.0
1079,212,2023.11,LNG,전북,1.0,12307350.0
1080,213,2023.11,하이브리드(휘발유+전기),전북,39230.0,12307350.0
1081,214,2023.11,하이브리드(경유+전기),전북,1094.0,12307350.0
1082,215,2023.11,하이브리드(LPG+전기),전북,676.0,12307350.0
1083,216,2023.11,하이브리드(CNG+전기),전북,6.0,12307350.0
1084,217,2023.11,하이브리드(LNG+전기),전북,0.0,12307350.0
1085,218,2023.11,수소,전북,2334.0,12307350.0
1086,219,2023.11,기타연료,전북,5714.0,12307350.0
1087,220,2023.11,총계,전북,991753.0,12307350.0
1088,221,2023.11,휘발유,전남,498061.0,12307350.0
1089,222,2023.11,경유,전남,539777.0,12307350.0
1090,223,2023.11,엘피지,전남,105527.0,12307350.0
1091,224,2023.11,등유,전남,0.0,12307350.0
1092,225,2023.11,전기,전남,23746.0,12307350.0
1093,226,2023.11,알코올,전남,0.0,12307350.0
1094,227,2023.11,태양열,전남,0.0,12307350.0
1095,228,2023.11,CNG,전남,829.0,12307350.0
1096,229,2023.11,LNG,전남,4.0,12307350.0
1097,230,2023.11,하이브리드(휘발유+전기),전남,66348.0,12307350.0
1098,231,2023.11,하이브리드(경유+전기),전남,911.0,12307350.0
1099,232,2023.11,하이브리드(LPG+전기),전남,688.0,12307350.0
1100,233,2023.11,하이브리드(CNG+전기),전남,0.0,12307350.0
1101,234,2023.11,하이브리드(LNG+전기),전남,0.0,12307350.0
1102,235,2023.11,수소,전남,1010.0,12307350.0
1103,236,2023.11,기타연료,전남,10222.0,12307350.0
1104,237,2023.11,총계,전남,1247123.0,12307350.0
1105,238,2023.11,휘발유,경북,669060.0,12307350.0
1106,239,2023.11,경유,경북,642083.0,12307350.0
1107,240,2023.11,엘피지,경북,124527.0,12307350.0
1108,241,2023.11,등유,경북,0.0,12307350.0
1109,242,2023.11,전기,경북,26234.0,12307350.0
1110,243,2023.11,알코올,경북,0.0,12307350.0
1111,244,2023.11,태양열,경북,0.0,12307350.0
1112,245,2023.11,CNG,경북,938.0,12307350.0
1113,246,2023.11,LNG,경북,7.0,12307350.0
1114,247,2023.11,하이브리드(휘발유+전기),경북,56561.0,12307350.0
1115,248,2023.11,하이브리드(경유+전기),경북,760.0,12307350.0
1116,249,2023.11,하이브리드(LPG+전기),경북,838.0,12307350.0
1117,250,2023.11,하이브리드(CNG+전기),경북,31.0,12307350.0
1118,251,2023.11,하이브리드(LNG+전기),경북,0.0,12307350.0
1119,252,2023.11,수소,경북,386.0,12307350.0
1120,253,2023.11,기타연료,경북,11578.0,12307350.0
1121,254,2023.11,총계,경북,1533003.0,12307350.0
1122,255,2023.11,휘발유,경남,933363.0,12307350.0
1123,256,2023.11,경유,경남,721220.0,12307350.0
1124,257,2023.11,엘피지,경남,135933.0,12307350.0
1125,258,2023.11,등유,경남,1.0,12307350.0
1126,259,2023.11,전기,경남,35124.0,12307350.0
1127,260,2023.11,알코올,경남,0.0,12307350.0
1128,261,2023.11,태양열,경남,0.0,12307350.0
1129,262,2023.11,CNG,경남,1141.0,12307350.0
1130,263,2023.11,LNG,경남,1.0,12307350.0
1131,264,2023.11,하이브리드(휘발유+전기),경남,96409.0,12307350.0
1132,265,2023.11,하이브리드(경유+전기),경남,4564.0,12307350.0
1133,266,2023.11,하이브리드(LPG+전기),경남,930.0,12307350.0
1134,267,2023.11,하이브리드(CNG+전기),경남,0.0,12307350.0
1135,268,2023.11,하이브리드(LNG+전기),경남,0.0,12307350.0
1136,269,2023.11,수소,경남,2756.0,12307350.0
1137,270,2023.11,기타연료,경남,9985.0,12307350.0
1138,271,2023.11,총계,경남,1941427.0,12307350.0
1139,272,2023.11,휘발유,제주,325871.0,12307350.0
1140,273,2023.11,경유,제주,232739.0,12307350.0
1141,274,2023.11,엘피지,제주,48739.0,12307350.0
1142,275,2023.11,등유,제주,0.0,12307350.0
1143,276,2023.11,전기,제주,38894.0,12307350.0
1144,277,2023.11,알코올,제주,0.0,12307350.0
1145,278,2023.11,태양열,제주,0.0,12307350.0
1146,279,2023.11,CNG,제주,2.0,12307350.0
1147,280,2023.11,LNG,제주,0.0,12307350.0
1148,281,2023.11,하이브리드(휘발유+전기),제주,54196.0,12307350.0
1149,282,2023.11,하이브리드(경유+전기),제주,877.0,12307350.0
1150,283,2023.11,하이브리드(LPG+전기),제주,316.0,12307350.0
1151,284,2023.11,하이브리드(CNG+전기),제주,0.0,12307350.0
1152,285,2023.11,하이브리드(LNG+전기),제주,0.0,12307350.0
1153,286,2023.11,수소,제주,30.0,12307350.0
1154,287,2023.11,기타연료,제주,950.0,12307350.0
1155,288,2023.11,총계,제주,702614.0,12307350.0
1156,0,2024.11,휘발유,서울,1645768.0,12421138.0
1157,1,2024.11,경유,서울,953875.0,12421138.0
1158,2,2024.11,엘피지,서울,220144.0,12421138.0
1159,3,2024.11,등유,서울,0.0,12421138.0
1160,4,2024.11,전기,서울,82824.0,12421138.0
1161,5,2024.11,알코올,서울,0.0,12421138.0
1162,6,2024.11,태양열,서울,0.0,12421138.0
1163,7,2024.11,CNG,서울,7194.0,12421138.0
1164,8,2024.11,LNG,서울,1.0,12421138.0
1165,9,2024.11,하이브리드(휘발유+전기),서울,249441.0,12421138.0
1166,10,2024.11,하이브리드(경유+전기),서울,5952.0,12421138.0
1167,11,2024.11,하이브리드(LPG+전기),서울,1403.0,12421138.0
1168,12,2024.11,하이브리드(CNG+전기),서울,43.0,12421138.0
1169,13,2024.11,하이브리드(LNG+전기),서울,0.0,12421138.0
1170,14,2024.11,수소,서울,3253.0,12421138.0
1171,15,2024.11,수소전기,서울,0.0,12421138.0
1172,16,2024.11,기타연료,서울,7529.0,12421138.0
1173,17,2024.11,총계,서울,3177427.0,12421138.0
1174,18,2024.11,휘발유,부산,749431.0,12421138.0
1175,19,2024.11,경유,부산,491975.0,12421138.0
1176,20,2024.11,엘피지,부산,101449.0,12421138.0
1177,21,2024.11,등유,부산,0.0,12421138.0
1178,22,2024.11,전기,부산,43531.0,12421138.0
1179,23,2024.11,알코올,부산,1.0,12421138.0
1180,24,2024.11,태양열,부산,0.0,12421138.0
1181,25,2024.11,CNG,부산,2067.0,12421138.0
1182,26,2024.11,LNG,부산,3.0,12421138.0
1183,27,2024.11,하이브리드(휘발유+전기),부산,138219.0,12421138.0
1184,28,2024.11,하이브리드(경유+전기),부산,10423.0,12421138.0
1185,29,2024.11,하이브리드(LPG+전기),부산,587.0,12421138.0
1186,30,2024.11,하이브리드(CNG+전기),부산,0.0,12421138.0
1187,31,2024.11,하이브리드(LNG+전기),부산,0.0,12421138.0
1188,32,2024.11,수소,부산,2252.0,12421138.0
1189,33,2024.11,수소전기,부산,31.0,12421138.0
1190,34,2024.11,기타연료,부산,16318.0,12421138.0
1191,35,2024.11,총계,부산,1556287.0,12421138.0
1192,36,2024.11,휘발유,대구,600938.0,12421138.0
1193,37,2024.11,경유,대구,424503.0,12421138.0
1194,38,2024.11,엘피지,대구,101127.0,12421138.0
1195,39,2024.11,등유,대구,0.0,12421138.0
1196,40,2024.11,전기,대구,35012.0,12421138.0
1197,41,2024.11,알코올,대구,0.0,12421138.0
1198,42,2024.11,태양열,대구,0.0,12421138.0
1199,43,2024.11,CNG,대구,2136.0,12421138.0
1200,44,2024.11,LNG,대구,0.0,12421138.0
1201,45,2024.11,하이브리드(휘발유+전기),대구,87608.0,12421138.0
1202,46,2024.11,하이브리드(경유+전기),대구,4342.0,12421138.0
1203,47,2024.11,하이브리드(LPG+전기),대구,634.0,12421138.0
1204,48,2024.11,하이브리드(CNG+전기),대구,11.0,12421138.0
1205,49,2024.11,하이브리드(LNG+전기),대구,0.0,12421138.0
1206,50,2024.11,수소,대구,687.0,12421138.0
1207,51,2024.11,수소전기,대구,0.0,12421138.0
1208,52,2024.11,기타연료,대구,5114.0,12421138.0
1209,53,2024.11,총계,대구,1262112.0,12421138.0
1210,54,2024.11,휘발유,인천,839151.0,12421138.0
1211,55,2024.11,경유,인천,548636.0,12421138.0
1212,56,2024.11,엘피지,인천,100511.0,12421138.0
1213,57,2024.11,등유,인천,0.0,12421138.0
1214,58,2024.11,전기,인천,54387.0,12421138.0
1215,59,2024.11,알코올,인천,0.0,12421138.0
1216,60,2024.11,태양열,인천,0.0,12421138.0
1217,61,2024.11,CNG,인천,2074.0,12421138.0
1218,62,2024.11,LNG,인천,3.0,12421138.0
1219,63,2024.11,하이브리드(휘발유+전기),인천,174690.0,12421138.0
1220,64,2024.11,하이브리드(경유+전기),인천,13401.0,12421138.0
1221,65,2024.11,하이브리드(LPG+전기),인천,558.0,12421138.0
1222,66,2024.11,하이브리드(CNG+전기),인천,16.0,12421138.0
1223,67,2024.11,하이브리드(LNG+전기),인천,0.0,12421138.0
1224,68,2024.11,수소,인천,2551.0,12421138.0
1225,69,2024.11,수소전기,인천,20.0,12421138.0
1226,70,2024.11,기타연료,인천,14301.0,12421138.0
1227,71,2024.11,총계,인천,1750299.0,12421138.0
1228,72,2024.11,휘발유,광주,322701.0,12421138.0
1229,73,2024.11,경유,광주,248049.0,12421138.0
1230,74,2024.11,엘피지,광주,87095.0,12421138.0
1231,75,2024.11,등유,광주,0.0,12421138.0
1232,76,2024.11,전기,광주,15093.0,12421138.0
1233,77,2024.11,알코올,광주,0.0,12421138.0
1234,78,2024.11,태양열,광주,0.0,12421138.0
1235,79,2024.11,CNG,광주,1121.0,12421138.0
1236,80,2024.11,LNG,광주,0.0,12421138.0
1237,81,2024.11,하이브리드(휘발유+전기),광주,48873.0,12421138.0
1238,82,2024.11,하이브리드(경유+전기),광주,1067.0,12421138.0
1239,83,2024.11,하이브리드(LPG+전기),광주,496.0,12421138.0
1240,84,2024.11,하이브리드(CNG+전기),광주,26.0,12421138.0
1241,85,2024.11,하이브리드(LNG+전기),광주,0.0,12421138.0
1242,86,2024.11,수소,광주,1272.0,12421138.0
1243,87,2024.11,수소전기,광주,0.0,12421138.0
1244,88,2024.11,기타연료,광주,4416.0,12421138.0
1245,89,2024.11,총계,광주,730209.0,12421138.0
1246,90,2024.11,휘발유,대전,361207.0,12421138.0
1247,91,2024.11,경유,대전,230655.0,12421138.0
1248,92,2024.11,엘피지,대전,65434.0,12421138.0
1249,93,2024.11,등유,대전,0.0,12421138.0
1250,94,2024.11,전기,대전,21098.0,12421138.0
1251,95,2024.11,알코올,대전,0.0,12421138.0
1252,96,2024.11,태양열,대전,0.0,12421138.0
1253,97,2024.11,CNG,대전,1233.0,12421138.0
1254,98,2024.11,LNG,대전,0.0,12421138.0
1255,99,2024.11,하이브리드(휘발유+전기),대전,49547.0,12421138.0
1256,100,2024.11,하이브리드(경유+전기),대전,976.0,12421138.0
1257,101,2024.11,하이브리드(LPG+전기),대전,370.0,12421138.0
1258,102,2024.11,하이브리드(CNG+전기),대전,0.0,12421138.0
1259,103,2024.11,하이브리드(LNG+전기),대전,0.0,12421138.0
1260,104,2024.11,수소,대전,1816.0,12421138.0
1261,105,2024.11,수소전기,대전,0.0,12421138.0
1262,106,2024.11,기타연료,대전,4065.0,12421138.0
1263,107,2024.11,총계,대전,736401.0,12421138.0
1264,108,2024.11,휘발유,울산,308996.0,12421138.0
1265,109,2024.11,경유,울산,196888.0,12421138.0
1266,110,2024.11,엘피지,울산,34669.0,12421138.0
1267,111,2024.11,등유,울산,0.0,12421138.0
1268,112,2024.11,전기,울산,9684.0,12421138.0
1269,113,2024.11,알코올,울산,0.0,12421138.0
1270,114,2024.11,태양열,울산,0.0,12421138.0
1271,115,2024.11,CNG,울산,734.0,12421138.0
1272,116,2024.11,LNG,울산,0.0,12421138.0
1273,117,2024.11,하이브리드(휘발유+전기),울산,46631.0,12421138.0
1274,118,2024.11,하이브리드(경유+전기),울산,448.0,12421138.0
1275,119,2024.11,하이브리드(LPG+전기),울산,358.0,12421138.0
1276,120,2024.11,하이브리드(CNG+전기),울산,46.0,12421138.0
1277,121,2024.11,하이브리드(LNG+전기),울산,0.0,12421138.0
1278,122,2024.11,수소,울산,2954.0,12421138.0
1279,123,2024.11,수소전기,울산,14.0,12421138.0
1280,124,2024.11,기타연료,울산,5548.0,12421138.0
1281,125,2024.11,총계,울산,606970.0,12421138.0
1282,126,2024.11,휘발유,세종,99429.0,12421138.0
1283,127,2024.11,경유,세종,62648.0,12421138.0
1284,128,2024.11,엘피지,세종,13111.0,12421138.0
1285,129,2024.11,등유,세종,0.0,12421138.0
1286,130,2024.11,전기,세종,5343.0,12421138.0
1287,131,2024.11,알코올,세종,0.0,12421138.0
1288,132,2024.11,태양열,세종,0.0,12421138.0
1289,133,2024.11,CNG,세종,159.0,12421138.0
1290,134,2024.11,LNG,세종,0.0,12421138.0
1291,135,2024.11,하이브리드(휘발유+전기),세종,19108.0,12421138.0
1292,136,2024.11,하이브리드(경유+전기),세종,310.0,12421138.0
1293,137,2024.11,하이브리드(LPG+전기),세종,108.0,12421138.0
1294,138,2024.11,하이브리드(CNG+전기),세종,11.0,12421138.0
1295,139,2024.11,하이브리드(LNG+전기),세종,0.0,12421138.0
1296,140,2024.11,수소,세종,530.0,12421138.0
1297,141,2024.11,수소전기,세종,0.0,12421138.0
1298,142,2024.11,기타연료,세종,1310.0,12421138.0
1299,143,2024.11,총계,세종,202067.0,12421138.0
1300,144,2024.11,휘발유,경기,3228660.0,12421138.0
1301,145,2024.11,경유,경기,2301827.0,12421138.0
1302,146,2024.11,엘피지,경기,402897.0,12421138.0
1303,147,2024.11,등유,경기,1.0,12421138.0
1304,148,2024.11,전기,경기,149479.0,12421138.0
1305,149,2024.11,알코올,경기,0.0,12421138.0
1306,150,2024.11,태양열,경기,1.0,12421138.0
1307,151,2024.11,CNG,경기,6409.0,12421138.0
1308,152,2024.11,LNG,경기,4.0,12421138.0
1309,153,2024.11,하이브리드(휘발유+전기),경기,490821.0,12421138.0
1310,154,2024.11,하이브리드(경유+전기),경기,9423.0,12421138.0
1311,155,2024.11,하이브리드(LPG+전기),경기,2617.0,12421138.0
1312,156,2024.11,하이브리드(CNG+전기),경기,49.0,12421138.0
1313,157,2024.11,하이브리드(LNG+전기),경기,0.0,12421138.0
1314,158,2024.11,수소,경기,8094.0,12421138.0
1315,159,2024.11,수소전기,경기,98.0,12421138.0
1316,160,2024.11,기타연료,경기,32144.0,12421138.0
1317,161,2024.11,총계,경기,6632524.0,12421138.0
1318,162,2024.11,휘발유,강원,390147.0,12421138.0
1319,163,2024.11,경유,강원,350806.0,12421138.0
1320,164,2024.11,엘피지,강원,56008.0,12421138.0
1321,165,2024.11,등유,강원,0.0,12421138.0
1322,166,2024.11,전기,강원,20730.0,12421138.0
1323,167,2024.11,알코올,강원,0.0,12421138.0
1324,168,2024.11,태양열,강원,0.0,12421138.0
1325,169,2024.11,CNG,강원,373.0,12421138.0
1326,170,2024.11,LNG,강원,0.0,12421138.0
1327,171,2024.11,하이브리드(휘발유+전기),강원,47240.0,12421138.0
1328,172,2024.11,하이브리드(경유+전기),강원,796.0,12421138.0
1329,173,2024.11,하이브리드(LPG+전기),강원,414.0,12421138.0
1330,174,2024.11,하이브리드(CNG+전기),강원,0.0,12421138.0
1331,175,2024.11,하이브리드(LNG+전기),강원,0.0,12421138.0
1332,176,2024.11,수소,강원,2722.0,12421138.0
1333,177,2024.11,수소전기,강원,6.0,12421138.0
1334,178,2024.11,기타연료,강원,5040.0,12421138.0
1335,179,2024.11,총계,강원,874282.0,12421138.0
1336,180,2024.11,휘발유,충북,427112.0,12421138.0
1337,181,2024.11,경유,충북,360704.0,12421138.0
1338,182,2024.11,엘피지,충북,70690.0,12421138.0
1339,183,2024.11,등유,충북,0.0,12421138.0
1340,184,2024.11,전기,충북,25255.0,12421138.0
1341,185,2024.11,알코올,충북,0.0,12421138.0
1342,186,2024.11,태양열,충북,0.0,12421138.0
1343,187,2024.11,CNG,충북,497.0,12421138.0
1344,188,2024.11,LNG,충북,0.0,12421138.0
1345,189,2024.11,하이브리드(휘발유+전기),충북,53023.0,12421138.0
1346,190,2024.11,하이브리드(경유+전기),충북,1109.0,12421138.0
1347,191,2024.11,하이브리드(LPG+전기),충북,476.0,12421138.0
1348,192,2024.11,하이브리드(CNG+전기),충북,1.0,12421138.0
1349,193,2024.11,하이브리드(LNG+전기),충북,0.0,12421138.0
1350,194,2024.11,수소,충북,2251.0,12421138.0
1351,195,2024.11,수소전기,충북,8.0,12421138.0
1352,196,2024.11,기타연료,충북,7620.0,12421138.0
1353,197,2024.11,총계,충북,948746.0,12421138.0
1354,198,2024.11,휘발유,충남,567638.0,12421138.0
1355,199,2024.11,경유,충남,497942.0,12421138.0
1356,200,2024.11,엘피지,충남,91887.0,12421138.0
1357,201,2024.11,등유,충남,0.0,12421138.0
1358,202,2024.11,전기,충남,30504.0,12421138.0
1359,203,2024.11,알코올,충남,0.0,12421138.0
1360,204,2024.11,태양열,충남,0.0,12421138.0
1361,205,2024.11,CNG,충남,363.0,12421138.0
1362,206,2024.11,LNG,충남,1.0,12421138.0
1363,207,2024.11,하이브리드(휘발유+전기),충남,69345.0,12421138.0
1364,208,2024.11,하이브리드(경유+전기),충남,1123.0,12421138.0
1365,209,2024.11,하이브리드(LPG+전기),충남,660.0,12421138.0
1366,210,2024.11,하이브리드(CNG+전기),충남,0.0,12421138.0
1367,211,2024.11,하이브리드(LNG+전기),충남,0.0,12421138.0
1368,212,2024.11,수소,충남,1737.0,12421138.0
1369,213,2024.11,수소전기,충남,0.0,12421138.0
1370,214,2024.11,기타연료,충남,10753.0,12421138.0
1371,215,2024.11,총계,충남,1271953.0,12421138.0
1372,216,2024.11,휘발유,전북,413218.0,12421138.0
1373,217,2024.11,경유,전북,408660.0,12421138.0
1374,218,2024.11,엘피지,전북,93071.0,12421138.0
1375,219,2024.11,등유,전북,0.0,12421138.0
1376,220,2024.11,전기,전북,24701.0,12421138.0
1377,221,2024.11,알코올,전북,0.0,12421138.0
1378,222,2024.11,태양열,전북,0.0,12421138.0
1379,223,2024.11,CNG,전북,623.0,12421138.0
1380,224,2024.11,LNG,전북,1.0,12421138.0
1381,225,2024.11,하이브리드(휘발유+전기),전북,51634.0,12421138.0
1382,226,2024.11,하이브리드(경유+전기),전북,1231.0,12421138.0
1383,227,2024.11,하이브리드(LPG+전기),전북,604.0,12421138.0
1384,228,2024.11,하이브리드(CNG+전기),전북,1.0,12421138.0
1385,229,2024.11,하이브리드(LNG+전기),전북,0.0,12421138.0
1386,230,2024.11,수소,전북,2589.0,12421138.0
1387,231,2024.11,수소전기,전북,12.0,12421138.0
1388,232,2024.11,기타연료,전북,5991.0,12421138.0
1389,233,2024.11,총계,전북,1002336.0,12421138.0
1390,234,2024.11,휘발유,전남,512814.0,12421138.0
1391,235,2024.11,경유,전남,522414.0,12421138.0
1392,236,2024.11,엘피지,전남,104068.0,12421138.0
1393,237,2024.11,등유,전남,0.0,12421138.0
1394,238,2024.11,전기,전남,31123.0,12421138.0
1395,239,2024.11,알코올,전남,0.0,12421138.0
1396,240,2024.11,태양열,전남,0.0,12421138.0
1397,241,2024.11,CNG,전남,724.0,12421138.0
1398,242,2024.11,LNG,전남,3.0,12421138.0
1399,243,2024.11,하이브리드(휘발유+전기),전남,90854.0,12421138.0
1400,244,2024.11,하이브리드(경유+전기),전남,1141.0,12421138.0
1401,245,2024.11,하이브리드(LPG+전기),전남,615.0,12421138.0
1402,246,2024.11,하이브리드(CNG+전기),전남,0.0,12421138.0
1403,247,2024.11,하이브리드(LNG+전기),전남,0.0,12421138.0
1404,248,2024.11,수소,전남,1187.0,12421138.0
1405,249,2024.11,수소전기,전남,3.0,12421138.0
1406,250,2024.11,기타연료,전남,10366.0,12421138.0
1407,251,2024.11,총계,전남,1275312.0,12421138.0
1408,252,2024.11,휘발유,경북,677413.0,12421138.0
1409,253,2024.11,경유,경북,625761.0,12421138.0
1410,254,2024.11,엘피지,경북,126600.0,12421138.0
1411,255,2024.11,등유,경북,0.0,12421138.0
1412,256,2024.11,전기,경북,33410.0,12421138.0
1413,257,2024.11,알코올,경북,1.0,12421138.0
1414,258,2024.11,태양열,경북,0.0,12421138.0
1415,259,2024.11,CNG,경북,830.0,12421138.0
1416,260,2024.11,LNG,경북,7.0,12421138.0
1417,261,2024.11,하이브리드(휘발유+전기),경북,74007.0,12421138.0
1418,262,2024.11,하이브리드(경유+전기),경북,1001.0,12421138.0
1419,263,2024.11,하이브리드(LPG+전기),경북,736.0,12421138.0
1420,264,2024.11,하이브리드(CNG+전기),경북,30.0,12421138.0
1421,265,2024.11,하이브리드(LNG+전기),경북,0.0,12421138.0
1422,266,2024.11,수소,경북,532.0,12421138.0
1423,267,2024.11,수소전기,경북,10.0,12421138.0
1424,268,2024.11,기타연료,경북,11849.0,12421138.0
1425,269,2024.11,총계,경북,1552187.0,12421138.0
1426,270,2024.11,휘발유,경남,946648.0,12421138.0
1427,271,2024.11,경유,경남,692849.0,12421138.0
1428,272,2024.11,엘피지,경남,136941.0,12421138.0
1429,273,2024.11,등유,경남,0.0,12421138.0
1430,274,2024.11,전기,경남,46295.0,12421138.0
1431,275,2024.11,알코올,경남,0.0,12421138.0
1432,276,2024.11,태양열,경남,0.0,12421138.0
1433,277,2024.11,CNG,경남,903.0,12421138.0
1434,278,2024.11,LNG,경남,3.0,12421138.0
1435,279,2024.11,하이브리드(휘발유+전기),경남,135670.0,12421138.0
1436,280,2024.11,하이브리드(경유+전기),경남,6456.0,12421138.0
1437,281,2024.11,하이브리드(LPG+전기),경남,819.0,12421138.0
1438,282,2024.11,하이브리드(CNG+전기),경남,0.0,12421138.0
1439,283,2024.11,하이브리드(LNG+전기),경남,0.0,12421138.0
1440,284,2024.11,수소,경남,2993.0,12421138.0
1441,285,2024.11,수소전기,경남,5.0,12421138.0
1442,286,2024.11,기타연료,경남,10322.0,12421138.0
1443,287,2024.11,총계,경남,1979904.0,12421138.0
1444,288,2024.11,휘발유,제주,329867.0,12421138.0
1445,289,2024.11,경유,제주,215360.0,12421138.0
1446,290,2024.11,엘피지,제주,44557.0,12421138.0
1447,291,2024.11,등유,제주,0.0,12421138.0
1448,292,2024.11,전기,제주,48523.0,12421138.0
1449,293,2024.11,알코올,제주,0.0,12421138.0
1450,294,2024.11,태양열,제주,0.0,12421138.0
1451,295,2024.11,CNG,제주,3.0,12421138.0
1452,296,2024.11,LNG,제주,0.0,12421138.0
1453,297,2024.11,하이브리드(휘발유+전기),제주,73740.0,12421138.0
1454,298,2024.11,하이브리드(경유+전기),제주,1235.0,12421138.0
1455,299,2024.11,하이브리드(LPG+전기),제주,274.0,12421138.0
1456,300,2024.11,하이브리드(CNG+전기),제주,0.0,12421138.0
1457,301,2024.11,하이브리드(LNG+전기),제주,0.0,12421138.0
1458,302,2024.11,수소,제주,62.0,12421138.0
1459,303,2024.11,수소전기,제주,0.0,12421138.0
1460,304,2024.11,기타연료,제주,969.0,12421138.0
1461,305,2024.11,총계,제주,714590.0,12421138.0
